,Sample,Plot_Number,Plant,Plate,Well,Plot,C,pH,Pdisp,NH4,NO3,Morphospecies,Treatment,Zone,Percent_Moisture,Lat,Lon,Basel_Diameter_estimated,Half_Tree_Cover,Tree_Height,Trunk_Circumference,PlantSpecies,MYC,PlantFUNCT.group,PlantSpecies.1,MYC.1,PlantFUNCT.group.1,PlantFUNCT.group.2,uniqueID,LeafDryMass,LeafH20Weight,LWC,LDMC,MLA,SLA
1,C1I,1,I,2,G11,Con001,2.79,6.1,11.2,82.6,15.4,Dandelion,Control,Plateau,7.066795741,-41.97108203,-71.464346,NA,NA,NA,NA,Hypochaeris sp,AM_facAM,flowering plant ,Hypochaeris sp,AM_facAM,flowering plant ,flowering plant ,Con001_Dandelion,0.02,0.12,0.024,0.004,443.4076389,22.17038194
2,C1A,1,A,3,A03,Con001,2.79,6.1,11.2,82.6,15.4,GreenShrub,Control,Plateau,7.066795741,-41.97108203,-71.464346,NA,NA,NA,NA,Gaultheria pumila,ERM,evergreen shrub,Gaultheria pumila,ERM,evergreen shrub,evergreen shrub,Con001_GreenShrub,NA,NA,NA,NA,9.788542319,NA
3,C1C,1,C,1,A07,Con001,2.79,6.1,11.2,82.6,15.4,Rosette,Control,Plateau,7.066795741,-41.97108203,-71.464346,NA,NA,NA,NA,Viola sp,AM,flowering plant,Viola sp,AM,flowering plant,flowering plant,Con001_Rosette,0.04,0.06,0.006,0.004,18.37318431,0.459329608
4,C1D,1,D,4,H07,Con001,2.79,6.1,11.2,82.6,15.4,YellowFlower,Control,Plateau,7.066795741,-41.97108203,-71.464346,NA,NA,NA,NA,Senecio agyreus,AM,flowering plant,Senecio agyreus,AM,flowering plant,flowering plant,Con001_YellowFlower,0.13,0.26,0.015294118,0.007647059,55.54454304,0.427265716
5,C2B,2,B,1,H05,Con002,3.2,6,6,63,16.8,Grass,Control,Plateau,3.988413547,-41.96976297,-71.46476702,NA,NA,NA,NA,Festuca sp,AM,grass,Festuca sp,AM,grass,grass,Con002_Grass,NA,NA,NA,NA,NA,NA
6,C2B,2,B,2,A05,Con002,3.2,6,6,63,16.8,Grass,Control,Plateau,3.988413547,-41.96976297,-71.46476702,NA,NA,NA,NA,Festuca sp,AM,grass,Festuca sp,AM,grass,grass,Con002_Grass,NA,NA,NA,NA,NA,NA
7,C2A,2,A,3,B05,Con002,3.2,6,6,63,16.8,GreenShrub,Control,Plateau,3.988413547,-41.96976297,-71.46476702,NA,NA,NA,NA,Gaultheria pumila,ERM,evergreen shrub,Gaultheria pumila,ERM,evergreen shrub,evergreen shrub,Con002_GreenShrub,NA,NA,NA,NA,NA,NA
8,C2M2,2,M2,2,C07,Con002,3.2,6,6,63,16.8,LeafyGreen,Control,Plateau,3.988413547,-41.96976297,-71.46476702,NA,NA,NA,NA,Nasthantus patagonicus,AM,flowering plant ,Nasthantus patagonicus,AM,flowering plant ,flowering plant ,Con002_LeafyGreen,0.19,0.45,0.045,0.019,98.42378627,0.518019928
9,C2C,2,C,1,E03,Con002,3.2,6,6,63,16.8,Rosette,Control,Plateau,3.988413547,-41.96976297,-71.46476702,NA,NA,NA,NA,Viola sp,AM,flowering plant,Viola sp,AM,flowering plant,flowering plant,Con002_Rosette,0.02,0.1,0.01,0.002,21.82563827,1.091281913
10,C2G,2,G,3,G10,Con002,3.2,6,6,63,16.8,SpikeyGreen,Control,Plateau,3.988413547,-41.96976297,-71.46476702,NA,NA,NA,NA,Perezia piliffera /fonkii?,AM,flowering plant ,Perezia piliffera /fonkii?,AM,flowering plant ,flowering plant ,Con002_SpikeyGreen,0.09,0.07,0.007,0.009,25.05935669,0.278437297
11,C2H,2,H,1,G07,Con002,3.2,6,6,63,16.8,SpikeyCushion,Control,Plateau,3.988413547,-41.96976297,-71.46476702,NA,NA,NA,NA,Mulinum echinus,AM,dense spiny shrub,Mulinum echinus,AM,dense spiny shrub,shrub,Con002_SpikeyCushion,0.01,0.05,0.001666667,0.000333333,6.762287968,0.676228797
12,C2D,2,D,2,H02,Con002,3.2,6,6,63,16.8,YellowFlower,Control,Plateau,3.988413547,-41.96976297,-71.46476702,NA,NA,NA,NA,Senecio agyreus,AM,flowering plant,Senecio agyreus,AM,flowering plant,flowering plant,Con002_YellowFlower,0.15,0.35,0.023333333,0.01,59.48401386,0.396560092
13,C3B,3,B,1,C11,Con003,1.55,5.8,6.3,57.4,14.1,Grass,Control,Plateau,4.012378615,-41.96898504,-71.46278,NA,NA,NA,NA,Festuca sp,AM,grass,Festuca sp,AM,grass,grass,Con003_Grass,0.31,0.16,0.016,0.031,70.58715879,0.227700512
14,C3A,3,A,3,C11,Con003,1.55,5.8,6.3,57.4,14.1,GreenShrub,Control,Plateau,4.012378615,-41.96898504,-71.46278,NA,NA,NA,NA,Gaultheria pumila,ERM,evergreen shrub,Gaultheria pumila,ERM,evergreen shrub,evergreen shrub,Con003_GreenShrub,0.05,0.04,0.002,0.0025,11.08902329,0.221780466
15,C3F,3,F,3,F12,Con003,1.55,5.8,6.3,57.4,14.1,LeafyCushion,Control,Plateau,4.012378615,-41.96898504,-71.46278,NA,NA,NA,NA,Azorella sp,AM,flowering plant,Azorella sp,AM,flowering plant,flowering plant,Con003_LeafyCushion,0.09,0.15,0.007142857,0.004285714,23.69741034,0.263304559
16,C3C,3,C,1,B03,Con003,1.55,5.8,6.3,57.4,14.1,Rosette,Control,Plateau,4.012378615,-41.96898504,-71.46278,NA,NA,NA,NA,Viola sp,AM,flowering plant,Viola sp,AM,flowering plant,flowering plant,Con003_Rosette,0.04,0.09,0.009,0.004,19.6536912,0.49134228
17,C3C,3,C,1,B03,Con003,1.55,5.8,6.3,57.4,14.1,Rosette,Control,Plateau,4.012378615,-41.96898504,-71.46278,NA,NA,NA,NA,Viola sp,AM,flowering plant,Viola sp,AM,flowering plant,flowering plant,Con003_Rosette,0.04,0.09,0.009,0.004,20.60051836,0.515012959
18,C3G,3,G,2,G05,Con003,1.55,5.8,6.3,57.4,14.1,SpikeyGreen,Control,Plateau,4.012378615,-41.96898504,-71.46278,NA,NA,NA,NA,Perezia piliffera /fonkii?,AM,flowering plant ,Perezia piliffera /fonkii?,AM,flowering plant ,flowering plant ,Con003_SpikeyGreen,0.07,0.11,0.007857143,0.005,34.12032473,0.48743321
19,C4B,4,B,1,H06,Con004,1.53,5.9,6.6,47.6,14,Grass,Control,Plateau,NA,-41.96762499,-71.46443401,NA,NA,NA,NA,Festuca sp,AM,grass,Festuca sp,AM,grass,grass,Con004_Grass,NA,NA,NA,NA,NA,NA
20,C4A,4,A,3,F09,Con004,1.53,5.9,6.6,47.6,14,GreenShrub,Control,Plateau,NA,-41.96762499,-71.46443401,NA,NA,NA,NA,Gaultheria pumila,ERM,evergreen shrub,Gaultheria pumila,ERM,evergreen shrub,evergreen shrub,Con004_GreenShrub,NA,NA,NA,NA,NA,NA
21,C4J,4,J,1,E02,Con004,1.53,5.9,6.6,47.6,14,RedAloe,Control,Plateau,NA,-41.96762499,-71.46443401,NA,NA,NA,NA,Poa sp,AM,grass,Poa sp,AM,grass,grass,Con004_RedAloe,0.38,0.31,0.062,0.076,462.3116654,1.216609646
22,C4C,4,C,1,G09,Con004,1.53,5.9,6.6,47.6,14,Rosette,Control,Plateau,NA,-41.96762499,-71.46443401,NA,NA,NA,NA,Viola sp,AM,flowering plant,Viola sp,AM,flowering plant,flowering plant,Con004_Rosette,NA,NA,NA,NA,NA,NA
23,C4G,4,G,1,F11,Con004,1.53,5.9,6.6,47.6,14,SpikeyGreen,Control,Plateau,NA,-41.96762499,-71.46443401,NA,NA,NA,NA,Perezia piliffera /fonkii?,AM,flowering plant ,Perezia piliffera /fonkii?,AM,flowering plant ,flowering plant ,Con004_SpikeyGreen,NA,NA,NA,NA,NA,NA
24,C4H,4,H,4,E07,Con004,1.53,5.9,6.6,47.6,14,SpikeyCushion,Control,Plateau,NA,-41.96762499,-71.46443401,NA,NA,NA,NA,Mulinum echinus,AM,dense spiny shrub,Mulinum echinus,AM,dense spiny shrub,shrub,Con004_SpikeyCushion,NA,NA,NA,NA,NA,NA
25,C4D,4,D,1,E08,Con004,1.53,5.9,6.6,47.6,14,YellowFlower,Control,Plateau,NA,-41.96762499,-71.46443401,NA,NA,NA,NA,Senecio agyreus,AM,flowering plant,Senecio agyreus,AM,flowering plant,flowering plant,Con004_YellowFlower,NA,NA,NA,NA,NA,NA
26,C5N,5,N,4,A07,Con005,2.4,5.6,6.2,32.2,15.4,Arugula,Control,Plateau,2.799148797,-41.96641004,-71.46256601,NA,NA,NA,NA,Hypochaeris sp,AM_facAM,flowering plant ,Hypochaeris sp,AM_facAM,flowering plant ,flowering plant ,Con005_Arugula,NA,NA,NA,NA,NA,NA
27,C5E,5,E,1,E07,Con005,2.4,5.6,6.2,32.2,15.4,Clover,Control,Plateau,2.799148797,-41.96641004,-71.46256601,NA,NA,NA,NA,Oxalis adenophylla,AM,flowering plant ,Oxalis adenophylla,AM,flowering plant ,flowering plant ,Con005_Clover,NA,NA,NA,NA,NA,NA
28,C5P,5,P,4,G08,Con005,2.4,5.6,6.2,32.2,15.4,FuzzyLeaf,Control,Plateau,2.799148797,-41.96641004,-71.46256601,NA,NA,NA,NA,Erigeron sp,AM,flowering plant,Erigeron sp,AM,flowering plant,flowering plant,Con005_FuzzyLeaf,NA,NA,NA,NA,NA,NA
29,C5B,5,B,2,G08,Con005,2.4,5.6,6.2,32.2,15.4,Grass,Control,Plateau,2.799148797,-41.96641004,-71.46256601,NA,NA,NA,NA,Festuca sp,AM,grass,Festuca sp,AM,grass,grass,Con005_Grass,0.21,0.06,0.006,0.021,88.41679451,0.421032355
30,C5A,5,A,3,D04,Con005,2.4,5.6,6.2,32.2,15.4,GreenShrub,Control,Plateau,2.799148797,-41.96641004,-71.46256601,NA,NA,NA,NA,Gaultheria pumila,ERM,evergreen shrub,Gaultheria pumila,ERM,evergreen shrub,evergreen shrub,Con005_GreenShrub,0.05,0.07,0.004117647,0.002941176,18.51991876,0.370398375
31,C5J,5,J,3,E06,Con005,2.4,5.6,6.2,32.2,15.4,RedAloe,Control,Plateau,2.799148797,-41.96641004,-71.46256601,NA,NA,NA,NA,Poa sp,AM,grass,Poa sp,AM,grass,grass,Con005_RedAloe,0.19,0.16,0.032,0.038,275.8128012,1.451646322
32,C5J,5,J,3,E06,Con005,2.4,5.6,6.2,32.2,15.4,RedAloe,Control,Plateau,2.799148797,-41.96641004,-71.46256601,NA,NA,NA,NA,Poa sp,AM,grass,Poa sp,AM,grass,grass,Con005_RedAloe,0.19,0.16,0.04,0.0475,792.8321281,4.172800674
33,C5C,5,C,3,A07,Con005,2.4,5.6,6.2,32.2,15.4,Rosette,Control,Plateau,2.799148797,-41.96641004,-71.46256601,NA,NA,NA,NA,Viola sp,AM,flowering plant,Viola sp,AM,flowering plant,flowering plant,Con005_Rosette,NA,NA,NA,NA,NA,NA
34,C6N,6,N,1,D07,Con006,1.48,5.6,5.3,21,14.2,Arugula,Control,Plateau,3.833504625,-41.96762701,-71.45878603,NA,NA,NA,NA,Hypochaeris sp,AM_facAM,flowering plant ,Hypochaeris sp,AM_facAM,flowering plant ,flowering plant ,Con006_Arugula,NA,NA,NA,NA,NA,NA
35,C6Q,6,Q,1,E06,Con006,1.48,5.6,5.3,21,14.2,FatGreen,Control,Plateau,3.833504625,-41.96762701,-71.45878603,NA,NA,NA,NA,Perezia bellidifolia,AM,flowering plant,Perezia bellidifolia,AM,flowering plant,flowering plant,Con006_FatGreen,0.46,0.65,0.108333333,0.076666667,493.4047148,1.072618945
36,C6P,6,P,2,C06,Con006,1.48,5.6,5.3,21,14.2,FuzzyLeaf,Control,Plateau,3.833504625,-41.96762701,-71.45878603,NA,NA,NA,NA,Erigeron sp,AM,flowering plant,Erigeron sp,AM,flowering plant,flowering plant,Con006_FuzzyLeaf,NA,NA,NA,NA,NA,NA
37,C6B,6,B,1,A06,Con006,1.48,5.6,5.3,21,14.2,Grass,Control,Plateau,3.833504625,-41.96762701,-71.45878603,NA,NA,NA,NA,Festuca sp,AM,grass,Festuca sp,AM,grass,grass,Con006_Grass,NA,NA,NA,NA,NA,NA
38,C6B.1,6,B.1,2,D12,Con006,1.48,5.6,5.3,21,14.2,Grass,Control,Plateau,3.833504625,-41.96762701,-71.45878603,NA,NA,NA,NA,Festuca sp,AM,grass,Festuca sp,AM,grass,grass,Con006_Grass,NA,NA,NA,NA,NA,NA
39,C6A,6,A,3,B12,Con006,1.48,5.6,5.3,21,14.2,GreenShrub,Control,Plateau,3.833504625,-41.96762701,-71.45878603,NA,NA,NA,NA,Gaultheria pumila,ERM,evergreen shrub,Gaultheria pumila,ERM,evergreen shrub,evergreen shrub,Con006_GreenShrub,NA,NA,NA,NA,12.41326608,NA
40,C6J,6,J,2,H04,Con006,1.48,5.6,5.3,21,14.2,RedAloe,Control,Plateau,3.833504625,-41.96762701,-71.45878603,NA,NA,NA,NA,Poa sp,AM,grass,Poa sp,AM,grass,grass,Con006_RedAloe,NA,NA,NA,NA,NA,NA
41,C6C,6,C,1,B02,Con006,1.48,5.6,5.3,21,14.2,Rosette,Control,Plateau,3.833504625,-41.96762701,-71.45878603,NA,NA,NA,NA,Viola sp,AM,flowering plant,Viola sp,AM,flowering plant,flowering plant,Con006_Rosette,NA,NA,NA,NA,NA,NA
42,C6T,6,T,1,G05,Con006,1.48,5.6,5.3,21,14.2,SpikeyRose,Control,Plateau,3.833504625,-41.96762701,-71.45878603,NA,NA,NA,NA,Nassauvia revoluta,AM,flowering plant ,Nassauvia revoluta,AM,flowering plant ,flowering plant ,Con006_SpikeyRose,0.03,0.02,0.002,0.003,26.36998012,0.878999337
43,C6O,6,O,1,D09,Con006,1.48,5.6,5.3,21,14.2,TallRed,Control,Plateau,3.833504625,-41.96762701,-71.45878603,NA,NA,NA,NA,Euphrasia meiantha,NM,flowering plant,Euphrasia meiantha,NM,flowering plant,flowering plant,Con006_TallRed,0.03,NA,NA,0.001875,14.49564957,0.483188319
44,C6D,6,D,3,H05,Con006,1.48,5.6,5.3,21,14.2,YellowFlower,Control,Plateau,3.833504625,-41.96762701,-71.45878603,NA,NA,NA,NA,Senecio agyreus,AM,flowering plant,Senecio agyreus,AM,flowering plant,flowering plant,Con006_YellowFlower,NA,NA,NA,NA,NA,NA
45,C7B,7,B,1,A03,Con007,1.61,5.5,7,28,16.7,Grass,Control,Plateau,3.613807983,-41.96816102,-71.46105099,NA,NA,NA,NA,Festuca sp,AM,grass,Festuca sp,AM,grass,grass,Con007_Grass,0.29,0.11,0.011,0.029,124.810355,0.430380535
46,C7A,7,A,3,E05,Con007,1.61,5.5,7,28,16.7,GreenShrub,Control,Plateau,3.613807983,-41.96816102,-71.46105099,NA,NA,NA,NA,Gaultheria pumila,ERM,evergreen shrub,Gaultheria pumila,ERM,evergreen shrub,evergreen shrub,Con007_GreenShrub,0.07,-0.35,-0.023333333,0.004666667,21.51230605,0.307318658
47,C7J,7,J,2,C12,Con007,1.61,5.5,7,28,16.7,RedAloe,Control,Plateau,3.613807983,-41.96816102,-71.46105099,NA,NA,NA,NA,Poa sp,AM,grass,Poa sp,AM,grass,grass,Con007_RedAloe,0.15,0.09,0.012857143,0.021428571,124.1417937,0.827611958
48,C7C,7,C,1,F02,Con007,1.61,5.5,7,28,16.7,Rosette,Control,Plateau,3.613807983,-41.96816102,-71.46105099,NA,NA,NA,NA,Viola sp,AM,flowering plant,Viola sp,AM,flowering plant,flowering plant,Con007_Rosette,NA,NA,NA,NA,NA,NA
49,C7H,7,H,2,A06,Con007,1.61,5.5,7,28,16.7,SpikeyCushion,Control,Plateau,3.613807983,-41.96816102,-71.46105099,NA,NA,NA,NA,Mulinum echinus,AM,dense spiny shrub,Mulinum echinus,AM,dense spiny shrub,shrub,Con007_SpikeyCushion,NA,NA,NA,NA,NA,NA
50,C7T,7,T,2,G12,Con007,1.61,5.5,7,28,16.7,SpikeyRose,Control,Plateau,3.613807983,-41.96816102,-71.46105099,NA,NA,NA,NA,Nassauvia revoluta,AM,flowering plant ,Nassauvia revoluta,AM,flowering plant ,flowering plant ,Con007_SpikeyRose,NA,NA,NA,NA,NA,NA
51,C7O,7,O,2,C09,Con007,1.61,5.5,7,28,16.7,TallRed,Control,Plateau,3.613807983,-41.96816102,-71.46105099,NA,NA,NA,NA,Euphrasia meiantha,NM,flowering plant,Euphrasia meiantha,NM,flowering plant,flowering plant,Con007_TallRed,0.01,0.02,0.000952381,0.00047619,13.57157872,1.357157872
52,C7D,7,D,2,B05,Con007,1.61,5.5,7,28,16.7,YellowFlower,Control,Plateau,3.613807983,-41.96816102,-71.46105099,NA,NA,NA,NA,Senecio agyreus,AM,flowering plant,Senecio agyreus,AM,flowering plant,flowering plant,Con007_YellowFlower,0.11,0.11,0.01,0.01,84.77332856,0.770666623
53,C8B,8,B,2,C08,Con008,1.63,5.7,6.6,14,19.6,Grass,Control,Plateau,3.047794967,-41.96818298,-71.45782001,NA,NA,NA,NA,Festuca sp,AM,grass,Festuca sp,AM,grass,grass,Con008_Grass,NA,NA,NA,NA,NA,NA
54,C8A,8,A,3,B10,Con008,1.63,5.7,6.6,14,19.6,GreenShrub,Control,Plateau,3.047794967,-41.96818298,-71.45782001,NA,NA,NA,NA,Gaultheria pumila,ERM,evergreen shrub,Gaultheria pumila,ERM,evergreen shrub,evergreen shrub,Con008_GreenShrub,0.1,0.07,0.002592593,0.003703704,17.08836747,0.170883675
55,C8C,8,C,2,A09,Con008,1.63,5.7,6.6,14,19.6,Rosette,Control,Plateau,3.047794967,-41.96818298,-71.45782001,NA,NA,NA,NA,Viola sp,AM,flowering plant,Viola sp,AM,flowering plant,flowering plant,Con008_Rosette,0.07,0.2,0.010526316,0.003684211,36.42199319,0.520314188
56,C8D,8,D,1,C01,Con008,1.63,5.7,6.6,14,19.6,YellowFlower,Control,Plateau,3.047794967,-41.96818298,-71.45782001,NA,NA,NA,NA,Senecio agyreus,AM,flowering plant,Senecio agyreus,AM,flowering plant,flowering plant,Con008_YellowFlower,0.14,0.31,0.018235294,0.008235294,55.58509905,0.397036422
57,C9B.2,9,B.2,4,C08,Con009,1.34,5.6,6.8,26.6,9.9,Grass,Control,Plateau,NA,-41.96637802,-71.45568397,NA,NA,NA,NA,Festuca sp,AM,grass,Festuca sp,AM,grass,grass,Con009_Grass,0.09,0.07,0.014,0.018,201.3573686,2.237304095
58,C9B.2,9,B.2,4,C08,Con009,1.34,5.6,6.8,26.6,9.9,Grass,Control,Plateau,NA,-41.96637802,-71.45568397,NA,NA,NA,NA,Festuca sp,AM,grass,Festuca sp,AM,grass,grass,Con009_Grass,0.09,0.07,0.005833333,0.0075,72.73831753,0.808203528
59,C9B.2,9,B.2,4,F08,Con009,1.34,5.6,6.8,26.6,9.9,Grass,Control,Plateau,NA,-41.96637802,-71.45568397,NA,NA,NA,NA,Festuca sp,AM,grass,Festuca sp,AM,grass,grass,Con009_Grass,0.09,0.07,0.014,0.018,201.3573686,2.237304095
60,C9B.2,9,B.2,4,F08,Con009,1.34,5.6,6.8,26.6,9.9,Grass,Control,Plateau,NA,-41.96637802,-71.45568397,NA,NA,NA,NA,Festuca sp,AM,grass,Festuca sp,AM,grass,grass,Con009_Grass,0.09,0.07,0.005833333,0.0075,72.73831753,0.808203528
61,C9AE,9,AE,2,B02,Con009,1.34,5.6,6.8,26.6,9.9,SmallShrub,Control,Plateau,NA,-41.96637802,-71.45568397,NA,NA,NA,NA,Empetrum rubrum,ERM,evergreen shrub,Empetrum rubrum,ERM,evergreen shrub,evergreen shrub,Con009_SmallShrub,0.08,1,0.021276596,0.001702128,7.200333727,0.090004172
62,C9D,9,D,1,F04,Con009,1.34,5.6,6.8,26.6,9.9,YellowFlower,Control,Plateau,NA,-41.96637802,-71.45568397,NA,NA,NA,NA,Senecio agyreus,AM,flowering plant,Senecio agyreus,AM,flowering plant,flowering plant,Con009_YellowFlower,0.24,0.66,0.03,0.010909091,84.82835392,0.353451475
63,C10B,10,B,1,A04,Con010,1.26,5.4,6.1,23.8,9.8,Grass,Control,Plateau,0.762559809,-41.96778601,-71.45405704,NA,NA,NA,NA,Festuca sp,AM,grass,Festuca sp,AM,grass,grass,Con010_Grass,NA,NA,NA,NA,NA,NA
64,C10A,10,A,3,E01,Con010,1.26,5.4,6.1,23.8,9.8,GreenShrub,Control,Plateau,0.762559809,-41.96778601,-71.45405704,NA,NA,NA,NA,Gaultheria pumila,ERM,evergreen shrub,Gaultheria pumila,ERM,evergreen shrub,evergreen shrub,Con010_GreenShrub,0.16,0.16,0.002253521,0.002253521,11.85510073,0.07409438
65,C10J,10,J,1,F08,Con010,1.26,5.4,6.1,23.8,9.8,RedAloe,Control,Plateau,0.762559809,-41.96778601,-71.45405704,NA,NA,NA,NA,Poa sp,AM,grass,Poa sp,AM,grass,grass,Con010_RedAloe,0.17,0.16,0.022857143,0.024285714,164.8725736,0.969838668
66,C10C,10,C,1,H01,Con010,1.26,5.4,6.1,23.8,9.8,Rosette,Control,Plateau,0.762559809,-41.96778601,-71.45405704,NA,NA,NA,NA,Viola sp,AM,flowering plant,Viola sp,AM,flowering plant,flowering plant,Con010_Rosette,0.08,0.27,0.008181818,0.002424242,26.35867436,0.32948343
67,C10AE,10,AE,2,B11,Con010,1.26,5.4,6.1,23.8,9.8,SmallShrub,Control,Plateau,0.762559809,-41.96778601,-71.45405704,NA,NA,NA,NA,Empetrum rubrum,ERM,evergreen shrub,Empetrum rubrum,ERM,evergreen shrub,evergreen shrub,Con010_SmallShrub,0.01,0.07,0.00125,0.000178571,4.376436369,0.437643637
68,C11J,11,J,2,D09,Con011,3.72,5.7,6.3,26.6,12.6,RedAloe,Control,Plateau,0.913786253,-41.96943599,-71.45543603,NA,NA,NA,NA,Poa sp,AM,grass,Poa sp,AM,grass,grass,Con011_RedAloe,0.05,0.04,0.008,0.01,109.8707268,2.197414536
69,C11AE,11,AE,2,E09,Con011,3.72,5.7,6.3,26.6,12.6,SmallShrub,Control,Plateau,0.913786253,-41.96943599,-71.45543603,NA,NA,NA,NA,Empetrum rubrum,ERM,evergreen shrub,Empetrum rubrum,ERM,evergreen shrub,evergreen shrub,Con011_SmallShrub,0.05,0.08,0.00109589,0.000684932,5.679855025,0.113597101
70,C11O,11,O,1,E11,Con011,3.72,5.7,6.3,26.6,12.6,TallRed,Control,Plateau,0.913786253,-41.96943599,-71.45543603,NA,NA,NA,NA,Euphrasia meiantha,NM,flowering plant,Euphrasia meiantha,NM,flowering plant,flowering plant,Con011_TallRed,0.08,0.23,0.008846154,0.003076923,26.81396813,0.335174602
71,C11D,11,D,2,F07,Con011,3.72,5.7,6.3,26.6,12.6,YellowFlower,Control,Plateau,0.913786253,-41.96943599,-71.45543603,NA,NA,NA,NA,Senecio agyreus,AM,flowering plant,Senecio agyreus,AM,flowering plant,flowering plant,Con011_YellowFlower,0.21,0.53,0.023043478,0.009130435,74.63154016,0.355388286
72,C12B,12,B,1,C10,Con012,3.93,5.4,6.7,35,22.4,Grass,Control,Plateau,1.627096131,-41.97026202,-71.45733596,NA,NA,NA,NA,Festuca sp,AM,grass,Festuca sp,AM,grass,grass,Con012_Grass,0.09,0.02,0.002857143,0.012857143,62.79086469,0.697676274
73,C12A,12,A,2,A02,Con012,3.93,5.4,6.7,35,22.4,GreenShrub,Control,Plateau,1.627096131,-41.97026202,-71.45733596,NA,NA,NA,NA,Gaultheria pumila,ERM,evergreen shrub,Gaultheria pumila,ERM,evergreen shrub,evergreen shrub,Con012_GreenShrub,0.1,0.08,0.0016,0.002,11.84602126,0.118460213
74,C12AG,12,AG,1,G03,Con012,3.93,5.4,6.7,35,22.4,OtherGreenShrub,Control,Plateau,1.627096131,-41.97026202,-71.45733596,NA,NA,NA,NA,Baccharis magellanica,AM,evergreen shrub,Baccharis magellanica,AM,evergreen shrub,shrub,Con012_OtherGreenShrub,NA,NA,NA,NA,NA,NA
75,C12AE,12,AE,2,D06,Con012,3.93,5.4,6.7,35,22.4,SmallShrub,Control,Plateau,1.627096131,-41.97026202,-71.45733596,NA,NA,NA,NA,Empetrum rubrum,ERM,evergreen shrub,Empetrum rubrum,ERM,evergreen shrub,evergreen shrub,Con012_SmallShrub,0.01,0.04,0.000606061,0.000151515,4.226080106,0.422608011
76,C13Y,13,Y,2,G02,Con013,3.02,5.6,8.8,23.8,15.6,FatTall,Control,Plateau,6.218634082,-41.97067802,-71.45866298,NA,NA,NA,NA,,,,,,,,Con013_FatTall,NA,NA,NA,NA,NA,NA
77,C13B,13,B,1,H02,Con013,3.02,5.6,8.8,23.8,15.6,Grass,Control,Plateau,6.218634082,-41.97067802,-71.45866298,NA,NA,NA,NA,Festuca sp,AM,grass,Festuca sp,AM,grass,grass,Con013_Grass,0.17,0.11,0.018333333,0.028333333,96.53236618,0.567837448
78,C13A,13,A,3,B11,Con013,3.02,5.6,8.8,23.8,15.6,GreenShrub,Control,Plateau,6.218634082,-41.97067802,-71.45866298,NA,NA,NA,NA,Gaultheria pumila,ERM,evergreen shrub,Gaultheria pumila,ERM,evergreen shrub,evergreen shrub,Con013_GreenShrub,0.01,0.03,0.000410959,0.000136986,12.53576165,1.253576165
79,C13J,13,J,2,A04,Con013,3.02,5.6,8.8,23.8,15.6,RedAloe,Control,Plateau,6.218634082,-41.97067802,-71.45866298,NA,NA,NA,NA,Poa sp,AM,grass,Poa sp,AM,grass,grass,Con013_RedAloe,0.26,0.37,0.061666667,0.043333333,192.0461074,0.738638875
80,C13AE,13,AE,2,E11,Con013,3.02,5.6,8.8,23.8,15.6,SmallShrub,Control,Plateau,6.218634082,-41.97067802,-71.45866298,NA,NA,NA,NA,Empetrum rubrum,ERM,evergreen shrub,Empetrum rubrum,ERM,evergreen shrub,evergreen shrub,Con013_SmallShrub,NA,0.04,0.000625,NA,4.449040326,NA
81,C13T,13,T,1,B05,Con013,3.02,5.6,8.8,23.8,15.6,SpikeyRose,Control,Plateau,6.218634082,-41.97067802,-71.45866298,NA,NA,NA,NA,Nassauvia revoluta,AM,flowering plant ,Nassauvia revoluta,AM,flowering plant ,flowering plant ,Con013_SpikeyRose,NA,NA,NA,NA,18.28189765,NA
82,C14B,14,B,2,A01,Con014,1.67,5.9,6.6,28,19.4,Grass,Control,Plateau,4.68579235,-41.97177202,-71.46035504,NA,NA,NA,NA,Festuca sp,AM,grass,Festuca sp,AM,grass,grass,Con014_Grass,0.2,0.17,0.034,0.04,142.3929905,0.711964953
83,C14AG,14,AG,2,H03,Con014,1.67,5.9,6.6,28,19.4,OtherGreenShrub,Control,Plateau,4.68579235,-41.97177202,-71.46035504,NA,NA,NA,NA,Baccharis magellanica,AM,evergreen shrub,Baccharis magellanica,AM,evergreen shrub,evergreen shrub,Con014_OtherGreenShrub,0.03,0.07,0.002333333,0.001,20.50368668,0.683456223
84,C14AG,14,AG,2,H03,Con014,1.67,5.9,6.6,28,19.4,OtherGreenShrub,Control,Plateau,4.68579235,-41.97177202,-71.46035504,NA,NA,NA,NA,Baccharis magellanica,AM,evergreen shrub,Baccharis magellanica,AM,evergreen shrub,evergreen shrub,Con014_OtherGreenShrub,0.03,0.07,0.003888889,0.001666667,25.37465288,0.845821763
85,C14C,14,C,3,E07,Con014,1.67,5.9,6.6,28,19.4,Rosette,Control,Plateau,4.68579235,-41.97177202,-71.46035504,NA,NA,NA,NA,Viola sp,AM,flowering plant,Viola sp,AM,flowering plant,flowering plant,Con014_Rosette,0.07,0.26,0.0104,0.0028,32.27664464,0.461094923
86,C14D,14,D,3,C12,Con014,1.67,5.9,6.6,28,19.4,YellowFlower,Control,Plateau,4.68579235,-41.97177202,-71.46035504,NA,NA,NA,NA,Senecio agyreus,AM,flowering plant,Senecio agyreus,AM,flowering plant,flowering plant,Con014_YellowFlower,0.2,0.39,0.0121875,0.00625,43.43960967,0.217198048
87,C15B,15,B,2,F04,Con015,1.94,5.7,6.5,40.6,23.7,Grass,Control,Plateau,3.846153846,-41.97137598,-71.46183302,NA,NA,NA,NA,Festuca sp,AM,grass,Festuca sp,AM,grass,grass,Con015_Grass,0.14,0.12,0.02,0.023333333,87.40424208,0.624316015
88,C15A,15,A,3,E02,Con015,1.94,5.7,6.5,40.6,23.7,GreenShrub,Control,Plateau,3.846153846,-41.97137598,-71.46183302,NA,NA,NA,NA,Gaultheria pumila,ERM,evergreen shrub,Gaultheria pumila,ERM,evergreen shrub,evergreen shrub,Con015_GreenShrub,NA,NA,NA,NA,NA,NA
89,C15F,15,F,1,G11,Con015,1.94,5.7,6.5,40.6,23.7,LeafyCushion,Control,Plateau,3.846153846,-41.97137598,-71.46183302,NA,NA,NA,NA,Azorella sp,AM,flowering plant,Azorella sp,AM,flowering plant,flowering plant,Con015_LeafyCushion,0.13,0.26,0.008666667,0.004333333,32.52106674,0.250162052
90,C15AG,15,AG,1,F09,Con015,1.94,5.7,6.5,40.6,23.7,OtherGreenShrub,Control,Plateau,3.846153846,-41.97137598,-71.46183302,NA,NA,NA,NA,Baccharis magellanica,AM,evergreen shrub,Baccharis magellanica,AM,evergreen shrub, shrub,Con015_OtherGreenShrub,0.17,0.29,0.00537037,0.003148148,23.44845564,0.137932092
91,C15J,15,J,2,B04,Con015,1.94,5.7,6.5,40.6,23.7,RedAloe,Control,Plateau,3.846153846,-41.97137598,-71.46183302,NA,NA,NA,NA,Poa sp,AM,grass,Poa sp,AM,grass,grass,Con015_RedAloe,0.14,0.12,0.03,0.035,111.1821316,0.794158083
92,C15C,15,C,2,A10,Con015,1.94,5.7,6.5,40.6,23.7,Rosette,Control,Plateau,3.846153846,-41.97137598,-71.46183302,NA,NA,NA,NA,Viola sp,AM,flowering plant,Viola sp,AM,flowering plant,flowering plant,Con015_Rosette,0.11,0.34,0.008717949,0.002820513,20.42461273,0.185678298
93,C15G,15,G,2,E10,Con015,1.94,5.7,6.5,40.6,23.7,SpikeyGreen,Control,Plateau,3.846153846,-41.97137598,-71.46183302,NA,NA,NA,NA,Perezia piliffera /fonkii?,AM,flowering plant ,Perezia piliffera /fonkii?,AM,flowering plant ,flowering plant ,Con015_SpikeyGreen,0.08,0.16,0.017777778,0.008888889,19.63995021,0.245499378
94,C15T,15,T,1,B01,Con015,1.94,5.7,6.5,40.6,23.7,SpikeyRose,Control,Plateau,3.846153846,-41.97137598,-71.46183302,NA,NA,NA,NA,Nassauvia revoluta,AM,flowering plant ,Nassauvia revoluta,AM,flowering plant ,flowering plant ,Con015_SpikeyRose,0.05,0.03,0.001764706,0.002941176,9.243878534,0.184877571
95,P1E,1,E,2,B08,Pine001,1.96,5.5,5.1,63,9.7,Clover,Pine,Plateau,3.038704669,-41.97056302,-71.46467004,29.6,182,395,93,Oxalis adenophylla,AM,flowering plant ,Oxalis adenophylla,AM,flowering plant ,flowering plant ,Pine001_Clover,0.01,0.15,0.01,0.000666667,24.28845,2.428845
96,P1B,1,B,3,F08,Pine001,1.96,5.5,5.1,63,9.7,Grass,Pine,Plateau,3.038704669,-41.97056302,-71.46467004,29.6,182,395,93,Festuca sp,AM,grass,Festuca sp,AM,grass,grass,Pine001_Grass,0.12,0.17,0.017,0.012,39.03173854,0.325264488
97,P1A,1,A,3,C01,Pine001,1.96,5.5,5.1,63,9.7,GreenShrub,Pine,Plateau,3.038704669,-41.97056302,-71.46467004,29.6,182,395,93,Gaultheria pumila,ERM,evergreen shrub,Gaultheria pumila,ERM,evergreen shrub,evergreen shrub,Pine001_GreenShrub,0.08,0.1,0.004761905,0.003809524,24.21270287,0.302658786
98,P1F,1,F,2,F10,Pine001,1.96,5.5,5.1,63,9.7,LeafyCushion,Pine,Plateau,3.038704669,-41.97056302,-71.46467004,29.6,182,395,93,Azorella sp,AM,flowering plant,Azorella sp,AM,flowering plant,flowering plant,Pine001_LeafyCushion,0.07,0.1,0.005,0.0035,21.55093334,0.307870476
99,P1C,1,C,1,G04,Pine001,1.96,5.5,5.1,63,9.7,Rosette,Pine,Plateau,3.038704669,-41.97056302,-71.46467004,29.6,182,395,93,Viola sp,AM,flowering plant,Viola sp,AM,flowering plant,flowering plant,Pine001_Rosette,0.01,0.08,0.008,0.001,10.4110066,1.04110066
100,P1G,1,G,1,G08,Pine001,1.96,5.5,5.1,63,9.7,SpikeyGreen,Pine,Plateau,3.038704669,-41.97056302,-71.46467004,29.6,182,395,93,Perezia piliffera /fonkii?,AM,flowering plant ,Perezia piliffera /fonkii?,AM,flowering plant ,flowering plant ,Pine001_SpikeyGreen,0.11,0.11,0.006875,0.006875,34.36648522,0.312422593
101,P2E,2,E,1,B12,Pine002,1.26,5.7,5.4,36.4,25.2,Clover,Pine,Plateau,4.271017354,-41.96939399,-71.46275997,14,115,246,43.98229715,Oxalis adenophylla,AM,flowering plant ,Oxalis adenophylla,AM,flowering plant ,flowering plant ,Pine002_Clover,0.02,0.13,0.013,0.002,42.04685231,2.102342616
102,P2I,2,I,2,E02,Pine002,1.26,5.7,5.4,36.4,25.2,Dandelion,Pine,Plateau,4.271017354,-41.96939399,-71.46275997,14,115,246,43.98229715,Hypochaeris sp,AM_facAM,flowering plant ,Hypochaeris sp,AM_facAM,flowering plant ,flowering plant ,Pine002_Dandelion,0.07,0.26,0.086666667,0.023333333,684.2176456,9.774537794
103,P2B,2,B,3,D10,Pine002,1.26,5.7,5.4,36.4,25.2,Grass,Pine,Plateau,4.271017354,-41.96939399,-71.46275997,14,115,246,43.98229715,Festuca sp,AM,grass,Festuca sp,AM,grass,grass,Pine002_Grass,NA,NA,NA,NA,NA,NA
104,P2A,2,A,3,H04,Pine002,1.26,5.7,5.4,36.4,25.2,GreenShrub,Pine,Plateau,4.271017354,-41.96939399,-71.46275997,14,115,246,43.98229715,Gaultheria pumila,ERM,evergreen shrub,Gaultheria pumila,ERM,evergreen shrub,evergreen shrub,Pine002_GreenShrub,0.04,0.08,0.004,0.002,14.80644354,0.370161089
105,P2J,2,J,1,G02,Pine002,1.26,5.7,5.4,36.4,25.2,RedAloe,Pine,Plateau,4.271017354,-41.96939399,-71.46275997,14,115,246,43.98229715,Poa sp,AM,grass,Poa sp,AM,grass,grass,Pine002_RedAloe,0.31,0.23,0.032857143,0.044285714,332.0787549,1.07122179
106,P2C,2,C,1,B04,Pine002,1.26,5.7,5.4,36.4,25.2,Rosette,Pine,Plateau,4.271017354,-41.96939399,-71.46275997,14,115,246,43.98229715,Viola sp,AM,flowering plant,Viola sp,AM,flowering plant,flowering plant,Pine002_Rosette,0.02,0.07,0.007,0.002,12.90457919,0.645228959
107,P2D,2,D,1,E10,Pine002,1.26,5.7,5.4,36.4,25.2,YellowFlower,Pine,Plateau,4.271017354,-41.96939399,-71.46275997,14,115,246,43.98229715,Senecio agyreus,AM,flowering plant,Senecio agyreus,AM,flowering plant,flowering plant,Pine002_YellowFlower,0.18,0.5,0.026315789,0.009473684,90.9407824,0.505226569
108,P3K,3,K,2,F06,Pine003,0.88,5.7,5.6,36.4,22.4,Grass,Pine,Plateau,2.412493269,-41.96853703,-71.46316004,11,137,279,34.55751919,Festuca sp,AM,grass,Festuca sp,AM,grass,grass,Pine003_Grass,NA,NA,NA,NA,NA,NA
109,P3A,3,A,3,B02,Pine003,0.88,5.7,5.6,36.4,22.4,GreenShrub,Pine,Plateau,2.412493269,-41.96853703,-71.46316004,11,137,279,34.55751919,Gaultheria pumila,ERM,evergreen shrub,Gaultheria pumila,ERM,evergreen shrub,evergreen shrub,Pine003_GreenShrub,0.03,0.05,0.002380952,0.001428571,7.773803002,0.259126767
110,P4B,4,B,3,E03,Pine004,1.99,5.7,6.6,32.2,5.6,Grass,Pine,Plateau,2.5352409,-41.96744503,-71.46401399,24,162,300,75.39822369,Festuca sp,AM,grass,Festuca sp,AM,grass,grass,Pine004_Grass,0.19,0.07,0.006363636,0.017272727,76.60771717,0.403198511
111,P4A,4,A,3,A08,Pine004,1.99,5.7,6.6,32.2,5.6,GreenShrub,Pine,Plateau,2.5352409,-41.96744503,-71.46401399,24,162,300,75.39822369,Gaultheria pumila,ERM,evergreen shrub,Gaultheria pumila,ERM,evergreen shrub,evergreen shrub,Pine004_GreenShrub,0.03,0.05,0.001470588,0.000882353,4.706140322,0.156871344
112,P4J,4,J,1,D10,Pine004,1.99,5.7,6.6,32.2,5.6,RedAloe,Pine,Plateau,2.5352409,-41.96744503,-71.46401399,24,162,300,75.39822369,Poa sp,AM,grass,Poa sp,AM,grass,grass,Pine004_RedAloe,0.41,NA,NA,0.058571429,803.2140015,1.95905854
113,P4J,4,J,1,D10,Pine004,1.99,5.7,6.6,32.2,5.6,RedAloe,Pine,Plateau,2.5352409,-41.96744503,-71.46401399,24,162,300,75.39822369,Poa sp,AM,grass,Poa sp,AM,grass,grass,Pine004_RedAloe,0.41,NA,NA,0.058571429,794.898818,1.938777605
114,P4H,4,H,1,D12,Pine004,1.99,5.7,6.6,32.2,5.6,SpikeyCushion,Pine,Plateau,2.5352409,-41.96744503,-71.46401399,24,162,300,75.39822369,Mulinum echinus,AM,dense spiny shrub,Mulinum echinus,AM,dense spiny shrub, shrub,Pine004_SpikeyCushion,NA,NA,NA,NA,NA,NA
115,P5B.1,5,B,2,G03,Pine005,2.46,5.8,5,37.8,9.6,Grass,Pine,Plateau,5.38028169,-41.96658002,-71.46364099,16,95,233,50.26548246,Festuca sp,AM,grass,Festuca sp,AM,grass,grass,Pine005_Grass,0.13,0.01,0.001,0.013,142.1675657,1.09359666
116,P5B.1,5,B,2,G03,Pine005,2.46,5.8,5,37.8,9.6,Grass,Pine,Plateau,5.38028169,-41.96658002,-71.46364099,16,95,233,50.26548246,Festuca sp,AM,grass,Festuca sp,AM,grass,grass,Pine005_Grass,0.13,0.01,0.002,0.026,179.7982788,1.383063683
117,P5B,5,B,3,A12,Pine005,2.46,5.8,5,37.8,9.6,Grass,Pine,Plateau,5.38028169,-41.96658002,-71.46364099,16,95,233,50.26548246,Festuca sp,AM,grass,Festuca sp,AM,grass,grass,Pine005_Grass,0.13,0.01,0.001,0.013,142.1675657,1.09359666
118,P5B,5,B,3,A12,Pine005,2.46,5.8,5,37.8,9.6,Grass,Pine,Plateau,5.38028169,-41.96658002,-71.46364099,16,95,233,50.26548246,Festuca sp,AM,grass,Festuca sp,AM,grass,grass,Pine005_Grass,0.13,0.01,0.002,0.026,179.7982788,1.383063683
119,P5A,5,A,3,G11,Pine005,2.46,5.8,5,37.8,9.6,GreenShrub,Pine,Plateau,5.38028169,-41.96658002,-71.46364099,16,95,233,50.26548246,Gaultheria pumila,ERM,evergreen shrub,Gaultheria pumila,ERM,evergreen shrub,evergreen shrub,Pine005_GreenShrub,0.05,0.12,0.005,0.002083333,22.42808353,0.448561671
120,P5J,5,J,4,D07,Pine005,2.46,5.8,5,37.8,9.6,RedAloe,Pine,Plateau,5.38028169,-41.96658002,-71.46364099,16,95,233,50.26548246,Poa sp,AM,grass,Poa sp,AM,grass,grass,Pine005_RedAloe,0.13,0.17,0.034,0.026,405.9345753,3.122573656
121,P5C,5,C,2,E07,Pine005,2.46,5.8,5,37.8,9.6,Rosette,Pine,Plateau,5.38028169,-41.96658002,-71.46364099,16,95,233,50.26548246,Viola sp,AM,flowering plant,Viola sp,AM,flowering plant,flowering plant,Pine005_Rosette,NA,NA,NA,NA,NA,NA
122,P6E,6,E,1,A02,Pine006,2.08,5.8,6.7,43.4,19.5,Clover,Pine,Plateau,NA,-41.96749298,-71.46145298,14,93,250,43.98229715,Oxalis adenophylla,AM,flowering plant ,Oxalis adenophylla,AM,flowering plant ,flowering plant ,Pine006_Clover,NA,NA,NA,NA,NA,NA
123,P6B,6,B,3,G06,Pine006,2.08,5.8,6.7,43.4,19.5,Grass,Pine,Plateau,NA,-41.96749298,-71.46145298,14,93,250,43.98229715,Festuca sp,AM,grass,Festuca sp,AM,grass,grass,Pine006_Grass,0.36,0.32,0.053333333,0.06,400.9793794,1.113831609
124,P6A,6,A,3,E09,Pine006,2.08,5.8,6.7,43.4,19.5,GreenShrub,Pine,Plateau,NA,-41.96749298,-71.46145298,14,93,250,43.98229715,Gaultheria pumila,ERM,evergreen shrub,Gaultheria pumila,ERM,evergreen shrub,evergreen shrub,Pine006_GreenShrub,NA,NA,NA,NA,17.34975514,NA
125,P6J,6,J,2,B10,Pine006,2.08,5.8,6.7,43.4,19.5,RedAloe,Pine,Plateau,NA,-41.96749298,-71.46145298,14,93,250,43.98229715,Poa sp,AM,grass,Poa sp,AM,grass,grass,Pine006_RedAloe,0.22,0.32,0.053333333,0.036666667,454.3151665,2.065068939
126,P6C,6,C,1,D03,Pine006,2.08,5.8,6.7,43.4,19.5,Rosette,Pine,Plateau,NA,-41.96749298,-71.46145298,14,93,250,43.98229715,Viola sp,AM,flowering plant,Viola sp,AM,flowering plant,flowering plant,Pine006_Rosette,NA,NA,NA,NA,NA,NA
127,P6D,6,D,1,F12,Pine006,2.08,5.8,6.7,43.4,19.5,YellowFlower,Pine,Plateau,NA,-41.96749298,-71.46145298,14,93,250,43.98229715,Senecio agyreus,AM,flowering plant,Senecio agyreus,AM,flowering plant,flowering plant,Pine006_YellowFlower,NA,NA,NA,NA,NA,NA
128,P7N,7,N,4,E08,Pine007,1.59,5.7,6.5,42,23.7,Arugula,Pine,Plateau,5.192843866,-41.96773597,-71.45947603,13,140,320,40.8407045,Hypochaeris sp,AM_facAM,flowering plant ,Hypochaeris sp,AM_facAM,flowering plant ,flowering plant ,Pine007_Arugula,NA,NA,NA,NA,NA,NA
129,P7B,7,B,3,B01,Pine007,1.59,5.7,6.5,42,23.7,Grass,Pine,Plateau,5.192843866,-41.96773597,-71.45947603,13,140,320,40.8407045,Festuca sp,AM,grass,Festuca sp,AM,grass,grass,Pine007_Grass,0.23,0.23,0.025555556,0.025555556,135.4432793,0.588883823
130,P7A,7,A,3,D07,Pine007,1.59,5.7,6.5,42,23.7,GreenShrub,Pine,Plateau,5.192843866,-41.96773597,-71.45947603,13,140,320,40.8407045,Gaultheria pumila,ERM,evergreen shrub,Gaultheria pumila,ERM,evergreen shrub,evergreen shrub,Pine007_GreenShrub,0.15,0.22,0.009166667,0.00625,11.32865071,0.075524338
131,P7J,7,J,2,D07,Pine007,1.59,5.7,6.5,42,23.7,RedAloe,Pine,Plateau,5.192843866,-41.96773597,-71.45947603,13,140,320,40.8407045,Poa sp,AM,grass,Poa sp,AM,grass,grass,Pine007_RedAloe,0.19,0.12,0.03,0.0475,309.7544991,1.630286837
132,P7C,7,C,2,G04,Pine007,1.59,5.7,6.5,42,23.7,Rosette,Pine,Plateau,5.192843866,-41.96773597,-71.45947603,13,140,320,40.8407045,Viola sp,AM,flowering plant,Viola sp,AM,flowering plant,flowering plant,Pine007_Rosette,NA,NA,NA,NA,NA,NA
133,P7O,7,O,2,G09,Pine007,1.59,5.7,6.5,42,23.7,TallRed,Pine,Plateau,5.192843866,-41.96773597,-71.45947603,13,140,320,40.8407045,Euphrasia meiantha,NM,flowering plant,Euphrasia meiantha,NM,flowering plant,flowering plant,Pine007_TallRed,NA,NA,NA,NA,NA,NA
134,P7O,7,O,3,D03,Pine007,1.59,5.7,6.5,42,23.7,TallRed,Pine,Plateau,5.192843866,-41.96773597,-71.45947603,13,140,320,40.8407045,Euphrasia meiantha,NM,flowering plant,Euphrasia meiantha,NM,flowering plant,flowering plant,Pine007_TallRed,NA,NA,NA,NA,NA,NA
135,P7D,7,D,1,C08,Pine007,1.59,5.7,6.5,42,23.7,YellowFlower,Pine,Plateau,5.192843866,-41.96773597,-71.45947603,13,140,320,40.8407045,Senecio agyreus,AM,flowering plant,Senecio agyreus,AM,flowering plant,flowering plant,Pine007_YellowFlower,NA,NA,NA,NA,NA,NA
136,P8Q,8,Q,1,E12,Pine008,1.24,5.4,5.3,15.4,15.2,FatGreen,Pine,Plateau,5.765694773,-41.96754101,-71.45763896,13,154,446,40.8407045,Perezia bellidifolia,AM,flowering plant,Perezia bellidifolia,AM,flowering plant,flowering plant,Pine008_FatGreen,1.54,0.44,0.088,0.308,362.7780992,0.235570194
137,P8P,8,P,3,B07,Pine008,1.24,5.4,5.3,15.4,15.2,FuzzyLeaf,Pine,Plateau,5.765694773,-41.96754101,-71.45763896,13,154,446,40.8407045,Erigeron sp,AM,flowering plant,Erigeron sp,AM,flowering plant,flowering plant,Pine008_FuzzyLeaf,0.01,0.04,0.008,0.002,48.70986248,4.870986248
138,P8B,8,B,3,C02,Pine008,1.24,5.4,5.3,15.4,15.2,Grass,Pine,Plateau,5.765694773,-41.96754101,-71.45763896,13,154,446,40.8407045,Festuca sp,AM,grass,Festuca sp,AM,grass,grass,Pine008_Grass,0.16,0.17,0.02125,0.02,149.3926395,0.933703997
139,P8A,8,A,3,F02,Pine008,1.24,5.4,5.3,15.4,15.2,GreenShrub,Pine,Plateau,5.765694773,-41.96754101,-71.45763896,13,154,446,40.8407045,Gaultheria pumila,ERM,evergreen shrub,Gaultheria pumila,ERM,evergreen shrub,evergreen shrub,Pine008_GreenShrub,0.08,0.12,0.004285714,0.002857143,21.88125374,0.273515672
140,P8J,8,J,2,B07,Pine008,1.24,5.4,5.3,15.4,15.2,RedAloe,Pine,Plateau,5.765694773,-41.96754101,-71.45763896,13,154,446,40.8407045,Poa sp,AM,grass,Poa sp,AM,grass,grass,Pine008_RedAloe,0.07,0.12,0.024,0.014,453.7235059,6.48176437
141,P8C,8,C,2,G07,Pine008,1.24,5.4,5.3,15.4,15.2,Rosette,Pine,Plateau,5.765694773,-41.96754101,-71.45763896,13,154,446,40.8407045,Viola sp,AM,flowering plant,Viola sp,AM,flowering plant,flowering plant,Pine008_Rosette,0.04,0.1,0.007142857,0.002857143,24.9941511,0.624853777
142,P8C,8,C,2,G07,Pine008,1.24,5.4,5.3,15.4,15.2,Rosette,Pine,Plateau,5.765694773,-41.96754101,-71.45763896,13,154,446,40.8407045,Viola sp,AM,flowering plant,Viola sp,AM,flowering plant,flowering plant,Pine008_Rosette,0.04,0.1,0.007142857,0.002857143,26.50640845,0.662660211
143,P8D,8,D,3,B09,Pine008,1.24,5.4,5.3,15.4,15.2,YellowFlower,Pine,Plateau,5.765694773,-41.96754101,-71.45763896,13,154,446,40.8407045,Senecio agyreus,AM,flowering plant,Senecio agyreus,AM,flowering plant,flowering plant,Pine008_YellowFlower,0.11,0.11,0.007333333,0.007333333,34.73520915,0.315774629
144,P9P,9,P,3,F05,Pine009,1.48,5.7,5.5,25.2,21,FuzzyLeaf,Pine,Plateau,4.898688915,-41.96577,-71.45395998,17,137,410,53.40707511,Erigeron sp,AM,flowering plant,Erigeron sp,AM,flowering plant,flowering plant,Pine009_FuzzyLeaf,0.01,0.06,0.005454545,0.000909091,49.2139145,4.92139145
145,P9B,9,B,3,C09,Pine009,1.48,5.7,5.5,25.2,21,Grass,Pine,Plateau,4.898688915,-41.96577,-71.45395998,17,137,410,53.40707511,Festuca sp,AM,grass,Festuca sp,AM,grass,grass,Pine009_Grass,0.15,0.15,0.0375,0.0375,182.6522551,1.217681701
146,P9A,9,A,3,G09,Pine009,1.48,5.7,5.5,25.2,21,GreenShrub,Pine,Plateau,4.898688915,-41.96577,-71.45395998,17,137,410,53.40707511,Gaultheria pumila,ERM,evergreen shrub,Gaultheria pumila,ERM,evergreen shrub,evergreen shrub,Pine009_GreenShrub,0.18,0.17,0.004358974,0.004615385,21.22142915,0.117896829
147,P9J,9,J,2,F12,Pine009,1.48,5.7,5.5,25.2,21,RedAloe,Pine,Plateau,4.898688915,-41.96577,-71.45395998,17,137,410,53.40707511,Poa sp,AM,grass,Poa sp,AM,grass,grass,Pine009_RedAloe,0.25,0.3,0.075,0.0625,503.9176961,2.015670784
148,P9AE,9,AE,2,D03,Pine009,1.48,5.7,5.5,25.2,21,SmallShrub,Pine,Plateau,4.898688915,-41.96577,-71.45395998,17,137,410,53.40707511,Empetrum rubrum,ERM,evergreen shrub,Empetrum rubrum,ERM,evergreen shrub,evergreen shrub,Pine009_SmallShrub,0.01,0.06,0.000952381,0.00015873,5.373387505,0.53733875
149,P9G,9,G,2,F11,Pine009,1.48,5.7,5.5,25.2,21,SpikeyGreen,Pine,Plateau,4.898688915,-41.96577,-71.45395998,17,137,410,53.40707511,Perezia piliffera /fonkii?,AM,flowering plant ,Perezia piliffera /fonkii?,AM,flowering plant ,flowering plant ,Pine009_SpikeyGreen,0.08,0.11,0.011,0.008,58.12051135,0.726506392
150,P10Z,10,Z,2,B01,Pine010,3.73,5.7,5,37.8,16.3,Cushion,Pine,Plateau,6.132414189,-41.96798902,-71.45368103,18,102,322,56.54866776,Bolax gummifera,AM,flowering plant,Bolax gummifera,AM,flowering plant,flowering plant,Pine010_Cushion,NA,NA,NA,NA,NA,NA
151,P10Q,10,Q,2,E06,Pine010,3.73,5.7,5,37.8,16.3,FatGreen,Pine,Plateau,6.132414189,-41.96798902,-71.45368103,18,102,322,56.54866776,Perezia bellidifolia,AM,flowering plant,Perezia bellidifolia,AM,flowering plant,flowering plant,Pine010_FatGreen,NA,NA,NA,NA,NA,NA
152,P10B,10,B,3,A11,Pine010,3.73,5.7,5,37.8,16.3,Grass,Pine,Plateau,6.132414189,-41.96798902,-71.45368103,18,102,322,56.54866776,Festuca sp,AM,grass,Festuca sp,AM,grass,grass,Pine010_Grass,0.14,0.21,0.07,0.046666667,300.1747582,2.144105416
153,P10A,10,A,3,B08,Pine010,3.73,5.7,5,37.8,16.3,GreenShrub,Pine,Plateau,6.132414189,-41.96798902,-71.45368103,18,102,322,56.54866776,Gaultheria pumila,ERM,evergreen shrub,Gaultheria pumila,ERM,evergreen shrub,evergreen shrub,Pine010_GreenShrub,0.11,0.17,0.002615385,0.001692308,15.11336265,0.137394206
154,P10J,10,J,4,A08,Pine010,3.73,5.7,5,37.8,16.3,RedAloe,Pine,Plateau,6.132414189,-41.96798902,-71.45368103,18,102,322,56.54866776,Poa sp,AM,grass,Poa sp,AM,grass,grass,Pine010_RedAloe,0.07,0.18,0.06,0.023333333,452.812889,6.468755557
155,P10AE,10,AE,1,A05,Pine010,3.73,5.7,5,37.8,16.3,SmallShrub,Pine,Plateau,6.132414189,-41.96798902,-71.45368103,18,102,322,56.54866776,Empetrum rubrum,ERM,evergreen shrub,Empetrum rubrum,ERM,evergreen shrub,evergreen shrub,Pine010_SmallShrub,0.06,0.06,0.001016949,0.001016949,5.013901129,0.083565019
156,P10O,10,O,1,E09,Pine010,3.73,5.7,5,37.8,16.3,TallRed,Pine,Plateau,6.132414189,-41.96798902,-71.45368103,18,102,322,56.54866776,Euphrasia meiantha,NM,flowering plant,Euphrasia meiantha,NM,flowering plant,flowering plant,Pine010_TallRed,0.04,0.25,0.01,0.0016,31.73542086,0.793385521
157,P11B,11,B,3,F10,Pine011,1.89,5.8,5.1,26.6,8.4,Grass,Pine,Plateau,5.482174167,-41.97001702,-71.45614397,10,99,250,31.41592654,Festuca sp,AM,grass,Festuca sp,AM,grass,grass,Pine011_Grass,0.2,0.28,0.056,0.04,355.8919851,1.779459925
158,P11A,11,A,3,A05,Pine011,1.89,5.8,5.1,26.6,8.4,GreenShrub,Pine,Plateau,5.482174167,-41.97001702,-71.45614397,10,99,250,31.41592654,Gaultheria pumila,ERM,evergreen shrub,Gaultheria pumila,ERM,evergreen shrub,evergreen shrub,Pine011_GreenShrub,0.15,0.22,0.004313725,0.002941176,16.25842811,0.108389521
159,P11F,11,F,3,G03,Pine011,1.89,5.8,5.1,26.6,8.4,LeafyCushion,Pine,Plateau,5.482174167,-41.97001702,-71.45614397,10,99,250,31.41592654,Azorella sp,AM,flowering plant,Azorella sp,AM,flowering plant,flowering plant,Pine011_LeafyCushion,0.13,0.37,0.013703704,0.004814815,37.71798227,0.290138325
160,P11F,11,F,3,G03,Pine011,1.89,5.8,5.1,26.6,8.4,LeafyCushion,Pine,Plateau,5.482174167,-41.97001702,-71.45614397,10,99,250,31.41592654,Azorella sp,AM,flowering plant,Azorella sp,AM,flowering plant,flowering plant,Pine011_LeafyCushion,0.13,0.37,0.017619048,0.006190476,50.42030889,0.38784853
161,P11 Mystery,11,Mystery,1,C05,Pine011,1.89,5.8,5.1,26.6,8.4,Mystery,Pine,Plateau,5.482174167,-41.97001702,-71.45614397,10,99,250,31.41592654,,,,,,,,Pine011_Mystery,NA,NA,NA,NA,NA,NA
162,P11J,11,J,2,F05,Pine011,1.89,5.8,5.1,26.6,8.4,RedAloe,Pine,Plateau,5.482174167,-41.97001702,-71.45614397,10,99,250,31.41592654,Poa sp,AM,grass,Poa sp,AM,grass,grass,Pine011_RedAloe,0.12,0.28,0.07,0.03,315.038782,2.625323183
163,P12Q,12,Q,2,C01,Pine012,3.26,5.5,5.4,29.4,15.8,FatGreen,Pine,Plateau,7.696457472,-41.97052798,-71.45868503,18,128,247,56.54866776,Perezia bellidifolia,AM,flowering plant,Perezia bellidifolia,AM,flowering plant,flowering plant,Pine012_FatGreen,0.14,0.51,0.102,0.028,376.117495,2.686553536
164,P12B,12,B,4,B07,Pine012,3.26,5.5,5.4,29.4,15.8,Grass,Pine,Plateau,7.696457472,-41.97052798,-71.45868503,18,128,247,56.54866776,Festuca sp,AM,grass,Festuca sp,AM,grass,grass,Pine012_Grass,0.2,0.15,0.03,0.04,210.5056018,1.052528009
165,P12A,12,A,4,B08,Pine012,3.26,5.5,5.4,29.4,15.8,GreenShrub,Pine,Plateau,7.696457472,-41.97052798,-71.45868503,18,128,247,56.54866776,Gaultheria pumila,ERM,evergreen shrub,Gaultheria pumila,ERM,evergreen shrub,evergreen shrub,Pine012_GreenShrub,0.1,0.13,0.0026,0.002,19.30580293,0.193058029
166,P12AE,12,AE,1,G01,Pine012,3.26,5.5,5.4,29.4,15.8,SmallShrub,Pine,Plateau,7.696457472,-41.97052798,-71.45868503,18,128,247,56.54866776,Empetrum rubrum,ERM,evergreen shrub,Empetrum rubrum,ERM,evergreen shrub,evergreen shrub,Pine012_SmallShrub,0.01,0.11,0.001692308,0.000153846,6.216825404,0.62168254
167,P12G,12,G,2,C04,Pine012,3.26,5.5,5.4,29.4,15.8,SpikeyGreen,Pine,Plateau,7.696457472,-41.97052798,-71.45868503,18,128,247,56.54866776,Perezia piliffera /fonkii?,AM,flowering plant ,Perezia piliffera /fonkii?,AM,flowering plant ,flowering plant ,Pine012_SpikeyGreen,NA,NA,NA,NA,62.85027813,NA
168,P12D,12,D,2,C10,Pine012,3.26,5.5,5.4,29.4,15.8,YellowFlower,Pine,Plateau,7.696457472,-41.97052798,-71.45868503,18,128,247,56.54866776,Senecio agyreus,AM,flowering plant,Senecio agyreus,AM,flowering plant,flowering plant,Pine012_YellowFlower,0.14,0.2,0.008695652,0.006086957,50.42404107,0.360171722
169,P13B,13,B,3,G04,Pine013,2.21,5.8,5.8,33.6,9.5,Grass,Pine,Plateau,9.351719765,-41.97135603,-71.45991004,11,97,220,34.55751919,Festuca sp,AM,grass,Festuca sp,AM,grass,grass,Pine013_Grass,0.14,0.27,0.054,0.028,577.2062626,4.122901875
170,P13A,13,A,3,F03,Pine013,2.21,5.8,5.8,33.6,9.5,GreenShrub,Pine,Plateau,9.351719765,-41.97135603,-71.45991004,11,97,220,34.55751919,Gaultheria pumila,ERM,evergreen shrub,Gaultheria pumila,ERM,evergreen shrub,evergreen shrub,Pine013_GreenShrub,0.1,0.13,0.0026,0.002,17.05846021,0.170584602
171,P13A,13,A,3,F03,Pine013,2.21,5.8,5.8,33.6,9.5,GreenShrub,Pine,Plateau,9.351719765,-41.97135603,-71.45991004,11,97,220,34.55751919,Gaultheria pumila,ERM,evergreen shrub,Gaultheria pumila,ERM,evergreen shrub,evergreen shrub,Pine013_GreenShrub,0.1,0.13,0.00203125,0.0015625,11.53707178,0.115370718
172,P13J,13,J,2,B12,Pine013,2.21,5.8,5.8,33.6,9.5,RedAloe,Pine,Plateau,9.351719765,-41.97135603,-71.45991004,11,97,220,34.55751919,Poa sp,AM,grass,Poa sp,AM,grass,grass,Pine013_RedAloe,NA,NA,NA,NA,NA,NA
173,P14B,14,B,3,C03,Pine014,1.42,5.7,5.4,30.8,15.3,Grass,Pine,Plateau,10.84024254,-41.97169701,-71.461054,20,108,330,62.83185307,Festuca sp,AM,grass,Festuca sp,AM,grass,grass,Pine014_Grass,0.13,0.16,0.026666667,0.021666667,95.26477066,0.732805928
174,P14A,14,A,3,C05,Pine014,1.42,5.7,5.4,30.8,15.3,GreenShrub,Pine,Plateau,10.84024254,-41.97169701,-71.461054,20,108,330,62.83185307,Gaultheria pumila,ERM,evergreen shrub,Gaultheria pumila,ERM,evergreen shrub,evergreen shrub,Pine014_GreenShrub,0.11,0.18,0.003529412,0.002156863,13.3019022,0.120926384
175,P14F,14,F,2,F02,Pine014,1.42,5.7,5.4,30.8,15.3,LeafyCushion,Pine,Plateau,10.84024254,-41.97169701,-71.461054,20,108,330,62.83185307,Azorella sp,AM,flowering plant,Azorella sp,AM,flowering plant,flowering plant,Pine014_LeafyCushion,0.12,0.36,0.0144,0.0048,51.73139902,0.431094992
176,P14AG,14,AG,3,E04,Pine014,1.42,5.7,5.4,30.8,15.3,OtherGreenShrub,Pine,Plateau,10.84024254,-41.97169701,-71.461054,20,108,330,62.83185307,Baccharis magellanica,AM,evergreen shrub,Baccharis magellanica,AM,evergreen shrub,evergreen shrub,Pine014_OtherGreenShrub,0.1,0.24,0.007272727,0.003030303,25.57759439,0.255775944
177,P14J,14,J,2,D11,Pine014,1.42,5.7,5.4,30.8,15.3,RedAloe,Pine,Plateau,10.84024254,-41.97169701,-71.461054,20,108,330,62.83185307,Poa sp,AM,grass,Poa sp,AM,grass,grass,Pine014_RedAloe,0.15,-0.21,-0.0525,0.0375,307.4080724,2.049387149
178,P14T,14,T,1,A10,Pine014,1.42,5.7,5.4,30.8,15.3,SpikeyRose,Pine,Plateau,10.84024254,-41.97169701,-71.461054,20,108,330,62.83185307,Nassauvia revoluta,AM,flowering plant ,Nassauvia revoluta,AM,flowering plant ,flowering plant ,Pine014_SpikeyRose,0.04,0.14,0.004516129,0.001290323,0.028727377,0.000718184
179,P15Z,15,Z,2,D05,Pine015,2.28,5.6,4.6,26.6,5.7,Cushion,Pine,Plateau,14.1188168,-41.97142803,-71.462865,27,172,410,84.82300165,Bolax gummifera,AM,flowering plant,Bolax gummifera,AM,flowering plant,flowering plant,Pine015_Cushion,NA,NA,NA,NA,NA,NA
180,P15Y,15,Y,1,C02,Pine015,2.28,5.6,4.6,26.6,5.7,FatTall,Pine,Plateau,14.1188168,-41.97142803,-71.462865,27,172,410,84.82300165,,,,,,,,Pine015_FatTall,NA,NA,NA,NA,167.2678469,NA
181,P15B,15,B,3,F01,Pine015,2.28,5.6,4.6,26.6,5.7,Grass,Pine,Plateau,14.1188168,-41.97142803,-71.462865,27,172,410,84.82300165,Festuca sp,AM,grass,Festuca sp,AM,grass,grass,Pine015_Grass,0.15,0.23,0.032857143,0.021428571,172.280133,1.14853422
182,P15A,15,A,3,C07,Pine015,2.28,5.6,4.6,26.6,5.7,GreenShrub,Pine,Plateau,14.1188168,-41.97142803,-71.462865,27,172,410,84.82300165,Gaultheria pumila,ERM,evergreen shrub,Gaultheria pumila,ERM,evergreen shrub,evergreen shrub,Pine015_GreenShrub,NA,NA,NA,NA,NA,NA
183,P15AG,15,AG,1,E04,Pine015,2.28,5.6,4.6,26.6,5.7,OtherGreenShrub,Pine,Plateau,14.1188168,-41.97142803,-71.462865,27,172,410,84.82300165,Baccharis magellanica,AM,evergreen shrub,Baccharis magellanica,AM,evergreen shrub,evergreen shrub,Pine015_OtherGreenShrub,NA,NA,NA,NA,NA,NA
184,P15J,15,J,2,C11,Pine015,2.28,5.6,4.6,26.6,5.7,RedAloe,Pine,Plateau,14.1188168,-41.97142803,-71.462865,27,172,410,84.82300165,Poa sp,AM,grass,Poa sp,AM,grass,grass,Pine015_RedAloe,0.12,0.09,0.03,0.04,426.1945801,3.551621501
185,P15O,15,O,1,D06,Pine015,2.28,5.6,4.6,26.6,5.7,TallRed,Pine,Plateau,14.1188168,-41.97142803,-71.462865,27,172,410,84.82300165,Euphrasia meiantha,NM,flowering plant,Euphrasia meiantha,NM,flowering plant,flowering plant,Pine015_TallRed,0.05,0.23,0.009583333,0.002083333,25.64187733,0.512837547
186,P15AA,15,AA,1,B07,Pine015,2.28,5.6,4.6,26.6,5.7,TallSpike,Pine,Plateau,14.1188168,-41.97142803,-71.462865,27,172,410,84.82300165,,,,,,,,Pine015_TallSpike,NA,NA,NA,NA,NA,NA
187,P15D,15,D,1,D08,Pine015,2.28,5.6,4.6,26.6,5.7,YellowFlower,Pine,Plateau,14.1188168,-41.97142803,-71.462865,27,172,410,84.82300165,Senecio agyreus,AM,flowering plant,Senecio agyreus,AM,flowering plant,flowering plant,Pine015_YellowFlower,0.23,0.87,0.0348,0.0092,82.61390405,0.359190887
188,S1E,1,E,3,G02,Sap001,2.23,6.2,4.4,18.2,3.1,Clover,Sapling,Plateau,6.373824295,-41.97058297,-71.46507103,5.6,56,109,17.59291886,Oxalis adenophylla,AM,flowering plant ,Oxalis adenophylla,AM,flowering plant ,flowering plant ,Sap001_Clover,0.01,0.08,0.008,0.001,21.38841767,2.138841767
189,S1B,1,B,3,B03,Sap001,2.23,6.2,4.4,18.2,3.1,Grass,Sapling,Plateau,6.373824295,-41.97058297,-71.46507103,5.6,56,109,17.59291886,Festuca sp,AM,grass,Festuca sp,AM,grass,grass,Sap001_Grass,NA,NA,NA,NA,NA,NA
190,S1A,1,A,3,E11,Sap001,2.23,6.2,4.4,18.2,3.1,GreenShrub,Sapling,Plateau,6.373824295,-41.97058297,-71.46507103,5.6,56,109,17.59291886,Gaultheria pumila,ERM,evergreen shrub,Gaultheria pumila,ERM,evergreen shrub,evergreen shrub,Sap001_GreenShrub,NA,NA,NA,NA,NA,NA
191,S1F,1,F,1,F03,Sap001,2.23,6.2,4.4,18.2,3.1,LeafyCushion,Sapling,Plateau,6.373824295,-41.97058297,-71.46507103,5.6,56,109,17.59291886,Azorella sp,AM,flowering plant,Azorella sp,AM,flowering plant,flowering plant,Sap001_LeafyCushion,0.08,0.22,0.011,0.004,28.04886336,0.350610792
192,S1L,1,L,3,G07,Sap001,2.23,6.2,4.4,18.2,3.1,NewGreen,Sapling,Plateau,6.373824295,-41.97058297,-71.46507103,5.6,56,109,17.59291886,,,,,,,,Sap001_NewGreen,NA,NA,NA,NA,NA,NA
193,S1C,1,C,4,B09,Sap001,2.23,6.2,4.4,18.2,3.1,Rosette,Sapling,Plateau,6.373824295,-41.97058297,-71.46507103,5.6,56,109,17.59291886,Viola sp,AM,flowering plant,Viola sp,AM,flowering plant,flowering plant,Sap001_Rosette,0.01,0.03,0.003,0.001,12.24803374,1.224803374
194,S1G,1,G,1,C06,Sap001,2.23,6.2,4.4,18.2,3.1,SpikeyGreen,Sapling,Plateau,6.373824295,-41.97058297,-71.46507103,5.6,56,109,17.59291886,Perezia piliffera /fonkii?,AM,flowering plant ,Perezia piliffera /fonkii?,AM,flowering plant ,flowering plant ,Sap001_SpikeyGreen,0.09,0.11,0.007333333,0.006,24.00257038,0.266695226
195,S2E,2,E,2,G06,Sap002,1.22,5.7,5,25.2,2.4,Clover,Sapling,Plateau,5.444811482,-41.96944596,-71.46430501,5.2,44,123,16.3362818,Oxalis adenophylla,AM,flowering plant ,Oxalis adenophylla,AM,flowering plant ,flowering plant ,Sap002_Clover,0.01,0.05,0.005,0.001,14.7776566,1.47776566
196,S2I,2,I,2,C03,Sap002,1.22,5.7,5,25.2,2.4,Dandelion,Sapling,Plateau,5.444811482,-41.96944596,-71.46430501,5.2,44,123,16.3362818,Hypochaeris sp,AM_facAM,flowering plant ,Hypochaeris sp,AM_facAM,flowering plant ,flowering plant ,Sap002_Dandelion,0.0225,0.0675,0.01125,0.00375,362.3951657,16.10645181
197,S2B,2,B,3,A10,Sap002,1.22,5.7,5,25.2,2.4,Grass,Sapling,Plateau,5.444811482,-41.96944596,-71.46430501,5.2,44,123,16.3362818,Festuca sp,AM,grass,Festuca sp,AM,grass,grass,Sap002_Grass,NA,NA,NA,NA,NA,NA
198,S2A,2,A,3,D12,Sap002,1.22,5.7,5,25.2,2.4,GreenShrub,Sapling,Plateau,5.444811482,-41.96944596,-71.46430501,5.2,44,123,16.3362818,Gaultheria pumila,ERM,evergreen shrub,Gaultheria pumila,ERM,evergreen shrub,evergreen shrub,Sap002_GreenShrub,0.05,0.08,0.004,0.0025,16.43490625,0.328698125
199,S2F,2,F,1,E01,Sap002,1.22,5.7,5,25.2,2.4,LeafyCushion,Sapling,Plateau,5.444811482,-41.96944596,-71.46430501,5.2,44,123,16.3362818,Azorella sp,AM,flowering plant,Azorella sp,AM,flowering plant,flowering plant,Sap002_LeafyCushion,0.07,0.17,0.0085,0.0035,22.82681661,0.32609738
200,S2J,2,J,2,F01,Sap002,1.22,5.7,5,25.2,2.4,RedAloe,Sapling,Plateau,5.444811482,-41.96944596,-71.46430501,5.2,44,123,16.3362818,Poa sp,AM,grass,Poa sp,AM,grass,grass,Sap002_RedAloe,0.28,0.02,0.002,0.028,268.7869941,0.95995355
201,S2C,2,C,3,F11,Sap002,1.22,5.7,5,25.2,2.4,Rosette,Sapling,Plateau,5.444811482,-41.96944596,-71.46430501,5.2,44,123,16.3362818,Viola sp,AM,flowering plant,Viola sp,AM,flowering plant,flowering plant,Sap002_Rosette,0.03,0.11,0.011,0.003,25.36473123,0.845491041
202,S2C,2,C,3,F11,Sap002,1.22,5.7,5,25.2,2.4,Rosette,Sapling,Plateau,5.444811482,-41.96944596,-71.46430501,5.2,44,123,16.3362818,Viola sp,AM,flowering plant,Viola sp,AM,flowering plant,flowering plant,Sap002_Rosette,0.03,0.11,0.011,0.003,27.89042353,0.929680784
203,S2H,2,H,2,A08,Sap002,1.22,5.7,5,25.2,2.4,SpikeyCushion,Sapling,Plateau,5.444811482,-41.96944596,-71.46430501,5.2,44,123,16.3362818,Mulinum echinus,AM,dense spiny shrub,Mulinum echinus,AM,dense spiny shrub,shrub,Sap002_SpikeyCushion,0.01,0.04,0.002,5.00E-04,4.940526933,0.494052693
204,S2D,2,D,2,F03,Sap002,1.22,5.7,5,25.2,2.4,YellowFlower,Sapling,Plateau,5.444811482,-41.96944596,-71.46430501,5.2,44,123,16.3362818,Senecio agyreus,AM,flowering plant,Senecio agyreus,AM,flowering plant,flowering plant,Sap002_YellowFlower,0.1,0.16,0.009411765,0.005882353,36.3333988,0.363333988
205,S3E,3,E,1,B08,Sap003,1.35,5.7,4.9,19.6,9.6,Clover,Sapling,Plateau,3.00061237,-41.96887901,-71.46297698,4.7,58,120,14.76548547,Oxalis adenophylla,AM,flowering plant ,Oxalis adenophylla,AM,flowering plant ,flowering plant ,Sap003_Clover,0.02,0.07,0.007,0.002,27.52933751,1.376466875
206,S3B,3,B,3,A01,Sap003,1.35,5.7,4.9,19.6,9.6,Grass,Sapling,Plateau,3.00061237,-41.96887901,-71.46297698,4.7,58,120,14.76548547,Festuca sp,AM,grass,Festuca sp,AM,grass,grass,Sap003_Grass,NA,NA,NA,NA,NA,NA
207,S3A,3,A,3,C10,Sap003,1.35,5.7,4.9,19.6,9.6,GreenShrub,Sapling,Plateau,3.00061237,-41.96887901,-71.46297698,4.7,58,120,14.76548547,Gaultheria pumila,ERM,evergreen shrub,Gaultheria pumila,ERM,evergreen shrub,evergreen shrub,Sap003_GreenShrub,0.01,0.08,0.004,5.00E-04,10.85032515,1.085032515
208,S3F,3,F,1,B06,Sap003,1.35,5.7,4.9,19.6,9.6,LeafyCushion,Sapling,Plateau,3.00061237,-41.96887901,-71.46297698,4.7,58,120,14.76548547,Azorella sp,AM,flowering plant,Azorella sp,AM,flowering plant,flowering plant,Sap003_LeafyCushion,NA,NA,NA,NA,26.774156,NA
209,S3C,3,C,2,F08,Sap003,1.35,5.7,4.9,19.6,9.6,Rosette,Sapling,Plateau,3.00061237,-41.96887901,-71.46297698,4.7,58,120,14.76548547,Viola sp,AM,flowering plant,Viola sp,AM,flowering plant,flowering plant,Sap003_Rosette,0.04,0.1,0.01,0.004,18.50826222,0.462706556
210,S4B,4,B,3,C04,Sap004,4.79,5.9,4.4,33.6,15.1,Grass,Sapling,Plateau,11.56667294,-41.96839102,-71.46366798,3.3,43,80,10.36725576,Festuca sp,AM,grass,Festuca sp,AM,grass,grass,Sap004_Grass,NA,NA,NA,NA,275.2352432,NA
211,S4A,4,A,3,B04,Sap004,4.79,5.9,4.4,33.6,15.1,GreenShrub,Sapling,Plateau,11.56667294,-41.96839102,-71.46366798,3.3,43,80,10.36725576,Gaultheria pumila,ERM,evergreen shrub,Gaultheria pumila,ERM,evergreen shrub,evergreen shrub,Sap004_GreenShrub,0.28,0.17,0.0085,0.014,8.022983239,0.028653512
212,S4A,4,A,3,B04,Sap004,4.79,5.9,4.4,33.6,15.1,GreenShrub,Sapling,Plateau,11.56667294,-41.96839102,-71.46366798,3.3,43,80,10.36725576,Gaultheria pumila,ERM,evergreen shrub,Gaultheria pumila,ERM,evergreen shrub,evergreen shrub,Sap004_GreenShrub,0.28,0.17,0.011333333,0.018666667,22.1642773,0.079158133
213,S4A,4,A,3,B04,Sap004,4.79,5.9,4.4,33.6,15.1,GreenShrub,Sapling,Plateau,11.56667294,-41.96839102,-71.46366798,3.3,43,80,10.36725576,Gaultheria pumila,ERM,evergreen shrub,Gaultheria pumila,ERM,evergreen shrub,evergreen shrub,Sap004_GreenShrub,0.28,0.17,0.011333333,0.018666667,20.45969907,0.073070354
214,S4A,4,A,3,B04,Sap004,4.79,5.9,4.4,33.6,15.1,GreenShrub,Sapling,Plateau,11.56667294,-41.96839102,-71.46366798,3.3,43,80,10.36725576,Gaultheria pumila,ERM,evergreen shrub,Gaultheria pumila,ERM,evergreen shrub,evergreen shrub,Sap004_GreenShrub,0.28,0.17,0.011333333,0.018666667,19.20789421,0.068599622
215,S4J,4,J,1,D05,Sap004,4.79,5.9,4.4,33.6,15.1,RedAloe,Sapling,Plateau,11.56667294,-41.96839102,-71.46366798,3.3,43,80,10.36725576,Poa sp,AM,grass,Poa sp,AM,grass,grass,Sap004_RedAloe,NA,NA,NA,NA,699.9768595,NA
216,S4G,4,G,1,D02,Sap004,4.79,5.9,4.4,33.6,15.1,SpikeyGreen,Sapling,Plateau,11.56667294,-41.96839102,-71.46366798,3.3,43,80,10.36725576,Perezia piliffera /fonkii?,AM,flowering plant ,Perezia piliffera /fonkii?,AM,flowering plant ,flowering plant ,Sap004_SpikeyGreen,NA,NA,NA,NA,NA,NA
217,S4H,4,H,4,H08,Sap004,4.79,5.9,4.4,33.6,15.1,SpikeyCushion,Sapling,Plateau,11.56667294,-41.96839102,-71.46366798,3.3,43,80,10.36725576,Mulinum echinus,AM,dense spiny shrub,Mulinum echinus,AM,dense spiny shrub,shrub,Sap004_SpikeyCushion,NA,NA,NA,NA,NA,NA
218,S5E,5,E,1,C12,Sap005,2.71,5.7,4.9,36.4,7,Clover,Sapling,Plateau,3.585229712,-41.96759004,-71.46496299,2.7,46,93,8.482300165,Oxalis adenophylla,AM,flowering plant ,Oxalis adenophylla,AM,flowering plant ,flowering plant ,Sap005_Clover,NA,NA,NA,NA,NA,NA
219,S5P,5,P,2,F09,Sap005,2.71,5.7,4.9,36.4,7,FuzzyLeaf,Sapling,Plateau,3.585229712,-41.96759004,-71.46496299,2.7,46,93,8.482300165,Erigeron sp,AM,flowering plant,Erigeron sp,AM,flowering plant,flowering plant,Sap005_FuzzyLeaf,NA,NA,NA,NA,NA,NA
220,S5B,5,B,3,E12,Sap005,2.71,5.7,4.9,36.4,7,Grass,Sapling,Plateau,3.585229712,-41.96759004,-71.46496299,2.7,46,93,8.482300165,Festuca sp,AM,grass,Festuca sp,AM,grass,grass,Sap005_Grass,0.17,0.12,0.02,0.028333333,125.7307085,0.739592403
221,S5A,5,A,3,H02,Sap005,2.71,5.7,4.9,36.4,7,GreenShrub,Sapling,Plateau,3.585229712,-41.96759004,-71.46496299,2.7,46,93,8.482300165,Gaultheria pumila,ERM,evergreen shrub,Gaultheria pumila,ERM,evergreen shrub,evergreen shrub,Sap005_GreenShrub,0.03,0.07,0.003888889,0.001666667,9.26513792,0.308837931
222,S5F,5,F,3,D11,Sap005,2.71,5.7,4.9,36.4,7,LeafyCushion,Sapling,Plateau,3.585229712,-41.96759004,-71.46496299,2.7,46,93,8.482300165,Azorella sp,AM,flowering plant,Azorella sp,AM,flowering plant,flowering plant,Sap005_LeafyCushion,NA,NA,NA,NA,29.477579,NA
223,S5J,5,J,3,F07,Sap005,2.71,5.7,4.9,36.4,7,RedAloe,Sapling,Plateau,3.585229712,-41.96759004,-71.46496299,2.7,46,93,8.482300165,Poa sp,AM,grass,Poa sp,AM,grass,grass,Sap005_RedAloe,0.17,0.12,0.024,0.034,210.663972,1.239199835
224,S5C,5,C,3,F04,Sap005,2.71,5.7,4.9,36.4,7,Rosette,Sapling,Plateau,3.585229712,-41.96759004,-71.46496299,2.7,46,93,8.482300165,Viola sp,AM,flowering plant,Viola sp,AM,flowering plant,flowering plant,Sap005_Rosette,NA,NA,NA,NA,NA,NA
225,S5O,5,O,2,B06,Sap005,2.71,5.7,4.9,36.4,7,TallRed,Sapling,Plateau,3.585229712,-41.96759004,-71.46496299,2.7,46,93,8.482300165,Euphrasia meiantha,NM,flowering plant,Euphrasia meiantha,NM,flowering plant,flowering plant,Sap005_TallRed,0.03,0.07,0.0028,0.0012,11.61974344,0.387324781
226,S6E,6,E,1,H04,Sap006,1.62,5.6,4.5,19.6,4.2,Clover,Sapling,Plateau,6.803097345,-41.96683601,-71.46212697,4,58,60,12.56637061,Oxalis adenophylla,AM,flowering plant ,Oxalis adenophylla,AM,flowering plant ,flowering plant ,Sap006_Clover,NA,NA,NA,NA,NA,NA
227,S6P,6,P,2,E05,Sap006,1.62,5.6,4.5,19.6,4.2,FuzzyLeaf,Sapling,Plateau,6.803097345,-41.96683601,-71.46212697,4,58,60,12.56637061,Erigeron sp,AM,flowering plant,Erigeron sp,AM,flowering plant,flowering plant,Sap006_FuzzyLeaf,NA,NA,NA,NA,NA,NA
228,S6R,6,R,4,C07,Sap006,1.62,5.6,4.5,19.6,4.2,FuzzyLeaf,Sapling,Plateau,6.803097345,-41.96683601,-71.46212697,4,58,60,12.56637061,Erigeron sp,AM,flowering plant,Erigeron sp,AM,flowering plant,flowering plant,Sap006_FuzzyLeaf,NA,NA,NA,NA,NA,NA
229,S6B.1,6,B.1,2,D08,Sap006,1.62,5.6,4.5,19.6,4.2,Grass,Sapling,Plateau,6.803097345,-41.96683601,-71.46212697,4,58,60,12.56637061,Festuca sp,AM,grass,Festuca sp,AM,grass,grass,Sap006_Grass,0.37,0.29,0.029,0.037,215.3311656,0.581976123
230,S6B,6,B,3,A04,Sap006,1.62,5.6,4.5,19.6,4.2,Grass,Sapling,Plateau,6.803097345,-41.96683601,-71.46212697,4,58,60,12.56637061,Festuca sp,AM,grass,Festuca sp,AM,grass,grass,Sap006_Grass,0.37,0.29,0.029,0.037,215.3311656,0.581976123
231,S6A,6,A,3,D05,Sap006,1.62,5.6,4.5,19.6,4.2,GreenShrub,Sapling,Plateau,6.803097345,-41.96683601,-71.46212697,4,58,60,12.56637061,Gaultheria pumila,ERM,evergreen shrub,Gaultheria pumila,ERM,evergreen shrub,evergreen shrub,Sap006_GreenShrub,0.06,0.11,0.0055,0.003,20.07073381,0.33451223
232,S6J,6,J,1,H03,Sap006,1.62,5.6,4.5,19.6,4.2,RedAloe,Sapling,Plateau,6.803097345,-41.96683601,-71.46212697,4,58,60,12.56637061,Poa sp,AM,grass,Poa sp,AM,grass,grass,Sap006_RedAloe,NA,NA,NA,NA,482.0281155,NA
233,S6V,6,V,4,D09,Sap006,1.62,5.6,4.5,19.6,4.2,RedLettuce,Sapling,Plateau,6.803097345,-41.96683601,-71.46212697,4,58,60,12.56637061,,,,,,,,Sap006_RedLettuce,NA,NA,NA,NA,NA,NA
234,S6D,6,D,1,C03,Sap006,1.62,5.6,4.5,19.6,4.2,YellowFlower,Sapling,Plateau,6.803097345,-41.96683601,-71.46212697,4,58,60,12.56637061,Senecio agyreus,AM,flowering plant,Senecio agyreus,AM,flowering plant,flowering plant,Sap006_YellowFlower,NA,NA,NA,NA,NA,NA
235,S7N,7,N,1,F01,Sap007,1.95,6,4.6,30.8,8.5,Arugula,Sapling,Plateau,7.205574913,-41.96786799,-71.45901402,3.9,45,75,12.25221135,Hypochaeris sp,AM_facAM,flowering plant ,Hypochaeris sp,AM_facAM,flowering plant ,flowering plant ,Sap007_Arugula,NA,NA,NA,NA,NA,NA
236,S7E,7,E,2,A07,Sap007,1.95,6,4.6,30.8,8.5,Clover,Sapling,Plateau,7.205574913,-41.96786799,-71.45901402,3.9,45,75,12.25221135,Oxalis adenophylla,AM,flowering plant ,Oxalis adenophylla,AM,flowering plant ,flowering plant ,Sap007_Clover,NA,NA,NA,NA,NA,NA
237,S7Q,7,Q,2,B09,Sap007,1.95,6,4.6,30.8,8.5,FatGreen,Sapling,Plateau,7.205574913,-41.96786799,-71.45901402,3.9,45,75,12.25221135,Perezia bellidifolia,AM,flowering plant,Perezia bellidifolia,AM,flowering plant,flowering plant,Sap007_FatGreen,0.14,1.22,0.203333333,0.023333333,447.9770856,3.199836326
238,S7P,7,P,1,D11,Sap007,1.95,6,4.6,30.8,8.5,FuzzyLeaf,Sapling,Plateau,7.205574913,-41.96786799,-71.45901402,3.9,45,75,12.25221135,Erigeron sp,AM,flowering plant,Erigeron sp,AM,flowering plant,flowering plant,Sap007_FuzzyLeaf,NA,NA,NA,NA,NA,NA
239,S7B,7,B,3,E10,Sap007,1.95,6,4.6,30.8,8.5,Grass,Sapling,Plateau,7.205574913,-41.96786799,-71.45901402,3.9,45,75,12.25221135,Festuca sp,AM,grass,Festuca sp,AM,grass,grass,Sap007_Grass,0.24,0.25,0.05,0.048,382.0111693,1.591713205
240,S7A,7,A,3,C06,Sap007,1.95,6,4.6,30.8,8.5,GreenShrub,Sapling,Plateau,7.205574913,-41.96786799,-71.45901402,3.9,45,75,12.25221135,Gaultheria pumila,ERM,evergreen shrub,Gaultheria pumila,ERM,evergreen shrub,evergreen shrub,Sap007_GreenShrub,0.05,0.03,0.0015,0.0025,11.42114454,0.228422891
241,S7J,7,J,1,A09,Sap007,1.95,6,4.6,30.8,8.5,RedAloe,Sapling,Plateau,7.205574913,-41.96786799,-71.45901402,3.9,45,75,12.25221135,Poa sp,AM,grass,Poa sp,AM,grass,grass,Sap007_RedAloe,NA,NA,NA,NA,317.6038099,NA
242,S7C,7,C,3,H03,Sap007,1.95,6,4.6,30.8,8.5,Rosette,Sapling,Plateau,7.205574913,-41.96786799,-71.45901402,3.9,45,75,12.25221135,Viola sp,AM,flowering plant,Viola sp,AM,flowering plant,flowering plant,Sap007_Rosette,NA,NA,NA,NA,NA,NA
243,S7G,7,G,2,E03,Sap007,1.95,6,4.6,30.8,8.5,SpikeyGreen,Sapling,Plateau,7.205574913,-41.96786799,-71.45901402,3.9,45,75,12.25221135,Perezia piliffera /fonkii?,AM,flowering plant ,Perezia piliffera /fonkii?,AM,flowering plant ,flowering plant ,Sap007_SpikeyGreen,NA,NA,NA,NA,NA,NA
244,S7O,7,O,1,C04,Sap007,1.95,6,4.6,30.8,8.5,TallRed,Sapling,Plateau,7.205574913,-41.96786799,-71.45901402,3.9,45,75,12.25221135,Euphrasia meiantha,NM,flowering plant,Euphrasia meiantha,NM,flowering plant,flowering plant,Sap007_TallRed,0.04,0.04,0.001818182,0.001818182,13.84934681,0.34623367
245,S7D,7,D,2,E01,Sap007,1.95,6,4.6,30.8,8.5,YellowFlower,Sapling,Plateau,7.205574913,-41.96786799,-71.45901402,3.9,45,75,12.25221135,Senecio agyreus,AM,flowering plant,Senecio agyreus,AM,flowering plant,flowering plant,Sap007_YellowFlower,NA,NA,NA,NA,NA,NA
246,S8A,8,A,3,H01,Sap008,1.6,5.7,4.2,21,11.2,GreenShrub,Sapling,Plateau,8.64906238,-41.96826898,-71.45838202,4.2,42,96,13.19468915,Gaultheria pumila,ERM,evergreen shrub,Gaultheria pumila,ERM,evergreen shrub,evergreen shrub,Sap008_GreenShrub,0.1,0.1,0.003846154,0.003846154,19.16865439,0.191686544
247,S8C,8,C,1,G12,Sap008,1.6,5.7,4.2,21,11.2,Rosette,Sapling,Plateau,8.64906238,-41.96826898,-71.45838202,4.2,42,96,13.19468915,Viola sp,AM,flowering plant,Viola sp,AM,flowering plant,flowering plant,Sap008_Rosette,NA,NA,NA,NA,24.20250997,NA
248,S9B,9,B,3,A06,Sap009,0.98,5.4,5.3,37.8,7.1,Grass,Sapling,Plateau,6.452269489,-41.96685998,-71.45571699,5.3,52,130,16.65044106,Festuca sp,AM,grass,Festuca sp,AM,grass,grass,Sap009_Grass,0.11,0.07,0.00875,0.01375,66.07027435,0.600638858
249,S9AB,9,A,1,A11,Sap009,0.98,5.4,5.3,37.8,7.1,GreenShrub,Sapling,Plateau,6.452269489,-41.96685998,-71.45571699,5.3,52,130,16.65044106,Gaultheria pumila,ERM,evergreen shrub,Gaultheria pumila,ERM,evergreen shrub,evergreen shrub,Sap009_GreenShrub,0.14,0.18,0.003272727,0.002545455,15.16622705,0.108330193
250,S9A,9,A,3,C08,Sap009,0.98,5.4,5.3,37.8,7.1,GreenShrub,Sapling,Plateau,6.452269489,-41.96685998,-71.45571699,5.3,52,130,16.65044106,Gaultheria pumila,ERM,evergreen shrub,Gaultheria pumila,ERM,evergreen shrub,evergreen shrub,Sap009_GreenShrub,0.14,0.18,0.003272727,0.002545455,15.16622705,0.108330193
251,S9J,9,J,2,G10,Sap009,0.98,5.4,5.3,37.8,7.1,RedAloe,Sapling,Plateau,6.452269489,-41.96685998,-71.45571699,5.3,52,130,16.65044106,Poa sp,AM,grass,Poa sp,AM,grass,grass,Sap009_RedAloe,0.18,0.24,0.048,0.036,190.3030738,1.057239299
252,S9C,9,C,1,E05,Sap009,0.98,5.4,5.3,37.8,7.1,Rosette,Sapling,Plateau,6.452269489,-41.96685998,-71.45571699,5.3,52,130,16.65044106,Viola sp,AM,flowering plant,Viola sp,AM,flowering plant,flowering plant,Sap009_Rosette,0.07,0.26,0.013684211,0.003684211,19.57014772,0.279573539
253,S10B,10,B,3,H06,Sap010,1.43,5.4,4.9,15.4,11.2,Grass,Sapling,Plateau,4.098449528,-41.96737404,-71.45459902,8.1,59,163,25.44690049,Festuca sp,AM,grass,Festuca sp,AM,grass,grass,Sap010_Grass,NA,NA,NA,NA,NA,NA
254,S10C,10,C,3,G05,Sap010,1.43,5.4,4.9,15.4,11.2,Rosette,Sapling,Plateau,4.098449528,-41.96737404,-71.45459902,8.1,59,163,25.44690049,Viola sp,AM,flowering plant,Viola sp,AM,flowering plant,flowering plant,Sap010_Rosette,0.01,0.05,0.005555556,0.001111111,15.79526956,1.579526956
255,S10AE,10,AE,3,E08,Sap010,1.43,5.4,4.9,15.4,11.2,SmallShrub,Sapling,Plateau,4.098449528,-41.96737404,-71.45459902,8.1,59,163,25.44690049,Empetrum rubrum,ERM,evergreen shrub,Empetrum rubrum,ERM,evergreen shrub,evergreen shrub,Sap010_SmallShrub,0.1,0.19,0.003015873,0.001587302,4.641067382,0.046410674
256,S10G,10,G,1,B10,Sap010,1.43,5.4,4.9,15.4,11.2,SpikeyGreen,Sapling,Plateau,4.098449528,-41.96737404,-71.45459902,8.1,59,163,25.44690049,Perezia piliffera /fonkii?,AM,flowering plant ,Perezia piliffera /fonkii?,AM,flowering plant ,flowering plant ,Sap010_SpikeyGreen,0.15,0.17,0.015454545,0.013636364,74.62850278,0.497523352
257,S10D,10,D,1,B11,Sap010,1.43,5.4,4.9,15.4,11.2,YellowFlower,Sapling,Plateau,4.098449528,-41.96737404,-71.45459902,8.1,59,163,25.44690049,Senecio agyreus,AM,flowering plant,Senecio agyreus,AM,flowering plant,flowering plant,Sap010_YellowFlower,0.14,0.31,0.017222222,0.007777778,67.51173035,0.482226645
258,S11B,11,B,4,A09,Sap011,2.31,5.4,4.5,28,5.7,Grass,Sapling,Plateau,9.157673861,-41.96905696,-71.454769,3.5,41,80,10.99557429,Festuca sp,AM,grass,Festuca sp,AM,grass,grass,Sap011_Grass,0.16,0.14,0.035,0.04,236.8751795,1.480469872
259,S11A,11,A,3,D09,Sap011,2.31,5.4,4.5,28,5.7,GreenShrub,Sapling,Plateau,9.157673861,-41.96905696,-71.454769,3.5,41,80,10.99557429,Gaultheria pumila,ERM,evergreen shrub,Gaultheria pumila,ERM,evergreen shrub,evergreen shrub,Sap011_GreenShrub,0.1,0.13,0.003095238,0.002380952,19.61224881,0.196122488
260,S11J,11,J,2,E08,Sap011,2.31,5.4,4.5,28,5.7,RedAloe,Sapling,Plateau,9.157673861,-41.96905696,-71.454769,3.5,41,80,10.99557429,Poa sp,AM,grass,Poa sp,AM,grass,grass,Sap011_RedAloe,0.22,0.18,0.06,0.073333333,412.6711673,1.875778033
261,S11AE,11,AE,2,E12,Sap011,2.31,5.4,4.5,28,5.7,SmallShrub,Sapling,Plateau,9.157673861,-41.96905696,-71.454769,3.5,41,80,10.99557429,Empetrum rubrum,ERM,evergreen shrub,Empetrum rubrum,ERM,evergreen shrub,evergreen shrub,Sap011_SmallShrub,0.01,0.03,0.000454545,0.000151515,6.070290669,0.607029067
262,S11G,11,G,2,B03,Sap011,2.31,5.4,4.5,28,5.7,SpikeyGreen,Sapling,Plateau,9.157673861,-41.96905696,-71.454769,3.5,41,80,10.99557429,Perezia piliffera /fonkii?,AM,flowering plant ,Perezia piliffera /fonkii?,AM,flowering plant ,flowering plant ,Sap011_SpikeyGreen,NA,NA,NA,NA,51.76912765,NA
263,S11O,11,O,1,G10,Sap011,2.31,5.4,4.5,28,5.7,TallRed,Sapling,Plateau,9.157673861,-41.96905696,-71.454769,3.5,41,80,10.99557429,Euphrasia meiantha,NM,flowering plant,Euphrasia meiantha,NM,flowering plant,flowering plant,Sap011_TallRed,0.04,0.08,0.004705882,0.002352941,16.27743887,0.406935972
264,S11D,11,D,4,C09,Sap011,2.31,5.4,4.5,28,5.7,YellowFlower,Sapling,Plateau,9.157673861,-41.96905696,-71.454769,3.5,41,80,10.99557429,Senecio agyreus,AM,flowering plant,Senecio agyreus,AM,flowering plant,flowering plant,Sap011_YellowFlower,0.22,0.6,0.024,0.0088,58.44412525,0.265655115
265,S12B,12,B,4,F07,Sap012,1.92,5.4,4.4,43.4,11.4,Grass,Sapling,Plateau,5.976095618,-41.97022196,-71.45667999,3.2,42,104,10.05309649,Festuca sp,AM,grass,Festuca sp,AM,grass,grass,Sap012_Grass,NA,NA,NA,NA,NA,NA
266,S12J,12,J,2,D04,Sap012,1.92,5.4,4.4,43.4,11.4,RedAloe,Sapling,Plateau,5.976095618,-41.97022196,-71.45667999,3.2,42,104,10.05309649,Poa sp,AM,grass,Poa sp,AM,grass,grass,Sap012_RedAloe,0.34,0.19,0.027142857,0.048571429,228.6986498,0.672643088
267,S12C,12,C,3,A09,Sap012,1.92,5.4,4.4,43.4,11.4,Rosette,Sapling,Plateau,5.976095618,-41.97022196,-71.45667999,3.2,42,104,10.05309649,Viola sp,AM,flowering plant,Viola sp,AM,flowering plant,flowering plant,Sap012_Rosette,NA,NA,NA,NA,19.40230482,NA
268,S12T,12,T,2,C05,Sap012,1.92,5.4,4.4,43.4,11.4,SpikeyRose,Sapling,Plateau,5.976095618,-41.97022196,-71.45667999,3.2,42,104,10.05309649,Nassauvia revoluta,AM,flowering plant ,Nassauvia revoluta,AM,flowering plant ,flowering plant ,Sap012_SpikeyRose,0.06,0.11,0.003333333,0.001818182,0.087923185,0.001465386
269,S13B,13,B,3,G01,Sap013,1.85,5.3,5.1,35,2.9,Grass,Sapling,Plateau,9.637462236,-41.97090198,-71.45931099,3.2,48,87,10.05309649,Festuca sp,AM,grass,Festuca sp,AM,grass,grass,Sap013_Grass,0.15,0.2,0.033333333,0.025,140.0926458,0.933950972
270,S13A,13,A,3,D02,Sap013,1.85,5.3,5.1,35,2.9,GreenShrub,Sapling,Plateau,9.637462236,-41.97090198,-71.45931099,3.2,48,87,10.05309649,Gaultheria pumila,ERM,evergreen shrub,Gaultheria pumila,ERM,evergreen shrub,evergreen shrub,Sap013_GreenShrub,0.13,0.13,0.00325,0.00325,24.56603706,0.188969516
271,S13J,13,J,2,H01,Sap013,1.85,5.3,5.1,35,2.9,RedAloe,Sapling,Plateau,9.637462236,-41.97090198,-71.45931099,3.2,48,87,10.05309649,Poa sp,AM,grass,Poa sp,AM,grass,grass,Sap013_RedAloe,0.18,0.1,NA,NA,NA,NA
272,S13D,13,D,1,F05,Sap013,1.85,5.3,5.1,35,2.9,YellowFlower,Sapling,Plateau,9.637462236,-41.97090198,-71.45931099,3.2,48,87,10.05309649,Senecio agyreus,AM,flowering plant,Senecio agyreus,AM,flowering plant,flowering plant,Sap013_YellowFlower,0.2,0.49,0.027222222,0.011111111,91.14997287,0.455749864
273,S14B,14,B,3,F06,Sap014,1.02,5.6,7.5,58.8,18.2,Grass,Sapling,Plateau,5.534883721,-41.97211199,-71.45967199,6,55,147,18.84955592,Festuca sp,AM,grass,Festuca sp,AM,grass,grass,Sap014_Grass,NA,NA,NA,NA,NA,NA
274,S14A,14,A,3,G12,Sap014,1.02,5.6,7.5,58.8,18.2,GreenShrub,Sapling,Plateau,5.534883721,-41.97211199,-71.45967199,6,55,147,18.84955592,Gaultheria pumila,ERM,evergreen shrub,Gaultheria pumila,ERM,evergreen shrub,evergreen shrub,Sap014_GreenShrub,0.09,0.15,0.003658537,0.002195122,19.58313773,0.217590419
275,S14AG,14,AG,1,D04,Sap014,1.02,5.6,7.5,58.8,18.2,OtherGreenShrub,Sapling,Plateau,5.534883721,-41.97211199,-71.45967199,6,55,147,18.84955592,Baccharis magellanica,AM,evergreen shrub,Baccharis magellanica,AM,evergreen shrub,evergreen shrub,Sap014_OtherGreenShrub,NA,NA,NA,NA,NA,NA
276,S14T,14,T,1,G06,Sap014,1.02,5.6,7.5,58.8,18.2,SpikeyRose,Sapling,Plateau,5.534883721,-41.97211199,-71.45967199,6,55,147,18.84955592,Nassauvia revoluta,AM,flowering plant ,Nassauvia revoluta,AM,flowering plant ,flowering plant ,Sap014_SpikeyRose,0.09,0.03,0.0025,0.0075,17.59492004,0.195499112
277,S14D,14,D,2,E04,Sap014,1.02,5.6,7.5,58.8,18.2,YellowFlower,Sapling,Plateau,5.534883721,-41.97211199,-71.45967199,6,55,147,18.84955592,Senecio agyreus,AM,flowering plant,Senecio agyreus,AM,flowering plant,flowering plant,Sap014_YellowFlower,0.16,0.47,0.01516129,0.00516129,46.9206105,0.293253816
278,S15B,15,B,4,D08,Sap015,1.19,6.2,5.2,47.6,19.1,Grass,Sapling,Plateau,5.808047923,-41.97158402,-71.46218003,2.6,44,72,8.168140899,Festuca sp,AM,grass,Festuca sp,AM,grass,grass,Sap015_Grass,0.2,0.27,0.03,0.022222222,132.3470267,0.661735134
279,S15A,15,A,3,D01,Sap015,1.19,6.2,5.2,47.6,19.1,GreenShrub,Sapling,Plateau,5.808047923,-41.97158402,-71.46218003,2.6,44,72,8.168140899,Gaultheria pumila,ERM,evergreen shrub,Gaultheria pumila,ERM,evergreen shrub,evergreen shrub,Sap015_GreenShrub,0.12,0.11,0.002391304,0.002608696,12.38306084,0.103192174
280,S15F,15,F,1,A08,Sap015,1.19,6.2,5.2,47.6,19.1,LeafyCushion,Sapling,Plateau,5.808047923,-41.97158402,-71.46218003,2.6,44,72,8.168140899,Azorella sp,AM,flowering plant,Azorella sp,AM,flowering plant,flowering plant,Sap015_LeafyCushion,0.12,0.3,0.009375,0.00375,28.34112863,0.236176072
281,S15M2,15,M2,1,F10,Sap015,1.19,6.2,5.2,47.6,19.1,LeafyGreen,Sapling,Plateau,5.808047923,-41.97158402,-71.46218003,2.6,44,72,8.168140899,Nasthantus patagonicus,AM,flowering plant ,Nasthantus patagonicus,AM,flowering plant ,flowering plant ,Sap015_LeafyGreen,NA,NA,NA,NA,NA,NA
282,S15AG,15,AG,2,D10,Sap015,1.19,6.2,5.2,47.6,19.1,OtherGreenShrub,Sapling,Plateau,5.808047923,-41.97158402,-71.46218003,2.6,44,72,8.168140899,Baccharis magellanica,AM,evergreen shrub,Baccharis magellanica,AM,evergreen shrub,evergreen shrub,Sap015_OtherGreenShrub,0.09,0.16,0.007272727,0.004090909,24.85603667,0.276178185
283,S15J,15,J,2,C02,Sap015,1.19,6.2,5.2,47.6,19.1,RedAloe,Sapling,Plateau,5.808047923,-41.97158402,-71.46218003,2.6,44,72,8.168140899,Poa sp,AM,grass,Poa sp,AM,grass,grass,Sap015_RedAloe,0.31,0.44,0.088,0.062,404.890836,1.306099471
284,S15C,15,C,1,C09,Sap015,1.19,6.2,5.2,47.6,19.1,Rosette,Sapling,Plateau,5.808047923,-41.97158402,-71.46218003,2.6,44,72,8.168140899,Viola sp,AM,flowering plant,Viola sp,AM,flowering plant,flowering plant,Sap015_Rosette,0.08,0.18,0.008571429,0.003809524,26.60223526,0.332527941
285,S15G,15,G,1,F07,Sap015,1.19,6.2,5.2,47.6,19.1,SpikeyGreen,Sapling,Plateau,5.808047923,-41.97158402,-71.46218003,2.6,44,72,8.168140899,Perezia piliffera /fonkii?,AM,flowering plant ,Perezia piliffera /fonkii?,AM,flowering plant ,flowering plant ,Sap015_SpikeyGreen,0.07,0.17,0.014166667,0.005833333,46.82083692,0.668869099
286,S15D,15,D,3,D08,Sap015,1.19,6.2,5.2,47.6,19.1,YellowFlower,Sapling,Plateau,5.808047923,-41.97158402,-71.46218003,2.6,44,72,8.168140899,Senecio agyreus,AM,flowering plant,Senecio agyreus,AM,flowering plant,flowering plant,Sap015_YellowFlower,0.22,0.7,0.025,0.007857143,63.5285427,0.288766103