"siteCode","Area","Morphospecies","LeafNumber","RawTotalLeafArea","Treatment","pixelDens","uniqueID","leaveDryMass","H2O_weight","LWC","LDMC","MLA","SLA"
"Con001","Plateau","Arugula",5,1220467,"Control",272,"Con001_Arugula",0.14,0.58,0.116,0.028,329.9272816,2.35662344
"Con001","Plateau","Dandelion",5,1277014,"Control",240,"Con001_Dandelion",0.02,0.12,0.024,0.004,443.4076389,22.17038194
"Con001","Plateau","GreenShrub",20,221544,"Control",336.4,"Con001_GreenShrub",NA,NA,NA,NA,9.788542319,NA
"Con001","Plateau","Rosette",10,146142,"Control",282.03,"Con001_Rosette",0.04,0.06,0.006,0.004,18.37318431,0.459329608
"Con001","Plateau","YellowFlower",17,1232134,"Control",361.23,"Con001_YellowFlower",0.13,0.26,0.015294118,0.007647059,55.54454304,0.427265716
"Con002","Plateau","OtherGreenShrub",20,402427,"Control",360.8,"Con002_OtherGreenShrub",0.04,NA,NA,0.002,15.4569591,0.386423977
"Con002","Plateau","LeafyGreen",10,856533,"Control",295,"Con002_LeafyGreen",0.19,0.45,0.045,0.019,98.42378627,0.518019928
"Con002","Plateau","Rosette",10,203033,"Control",305,"Con002_Rosette",0.02,0.1,0.01,0.002,21.82563827,1.091281913
"Con002","Plateau","SpikeyCushion",30,214280,"Control",325,"Con002_SpikeyCushion",0.01,0.05,0.001666667,0.000333333,6.762287968,0.676228797
"Con002","Plateau","SpikeyGreen",10,164229,"Control",256,"Con002_SpikeyGreen",0.09,0.07,0.007,0.009,25.05935669,0.278437297
"Con002","Plateau","YellowFlower",15,813777,"Control",302,"Con002_YellowFlower",0.15,0.35,0.023333333,0.01,59.48401386,0.396560092
"Con003","Plateau","Grass",10,458993,"Control",255,"Con003_Grass",0.31,0.16,0.016,0.031,70.58715879,0.227700512
"Con003","Plateau","GreenShrub",20,263011,"Control",344.37,"Con003_GreenShrub",0.05,0.04,0.002,0.0025,11.08902329,0.221780466
"Con003","Plateau","LeafyCushion",21,630519,"Control",355.95,"Con003_LeafyCushion",0.09,0.15,0.007142857,0.004285714,23.69741034,0.263304559
"Con003","Plateau","Rosette",10,147649,"Control",274.09,"Con003_Rosette",0.04,0.09,0.009,0.004,19.6536912,0.49134228
"Con003","Plateau","Rosette",10,168504,"Control",286,"Con003_Rosette",0.04,0.09,0.009,0.004,20.60051836,0.515012959
"Con003","Plateau","SpikeyGreen",14,470498,"Control",313.84,"Con003_SpikeyGreen",0.07,0.11,0.007857143,0.005,34.12032473,0.48743321
"Con004","Plateau","Cushion",15,72676,"Control",316,"Con004_Cushion",0.01,0.05,0.003333333,0.000666667,4.852053624,0.485205362
"Con004","Plateau","RedAloe",5,1467932,"Control",252,"Con004_RedAloe",0.38,0.31,0.062,0.076,462.3116654,1.216609646
"Con004","Plateau","SpikeyRose",7,213823,"Control",242,"Con004_SpikeyRose",NA,NA,NA,NA,52.15856645,NA
"Con005","Plateau","Grass",10,484135,"Control",234,"Con005_Grass",0.21,0.06,0.006,0.021,88.41679451,0.421032355
"Con005","Plateau","GreenShrub",17,268444,"Control",292,"Con005_GreenShrub",0.05,0.07,0.004117647,0.002941176,18.51991876,0.370398375
"Con005","Plateau","RedAloe",5,1224664,"Control",298,"Con005_RedAloe",0.19,0.16,0.032,0.038,275.8128012,1.451646322
"Con005","Plateau","RedAloe",4,1534923,"Control",220,"Con005_RedAloe",0.19,0.16,0.04,0.0475,792.8321281,4.172800674
"Con005","Plateau","TallGreen",18,272734,"Control",270,"Con005_TallGreen",NA,NA,NA,NA,20.78448407,NA
"Con006","Plateau","FatGreen",6,1676905,"Control",238,"Con006_FatGreen",0.46,0.65,0.108333333,0.076666667,493.4047148,1.072618945
"Con006","Plateau","GreenShrub",22,284914,"Control",323,"Con006_GreenShrub",NA,NA,NA,NA,12.41326608,NA
"Con006","Plateau","SpikeyRose",10,208220,"Control",281,"Con006_SpikeyRose",0.03,0.02,0.002,0.003,26.36998012,0.878999337
"Con006","Plateau","TallRed",16,170332,"Control",271,"Con006_TallRed",0.03,NA,NA,0.001875,14.49564957,0.483188319
"Con007","Plateau","Cushion",14,92896,"Control",314,"Con007_Cushion",0.01,0.01,0.000714286,0.000714286,6.7299166,0.67299166
"Con007","Plateau","Grass",10,843718,"Control",260,"Con007_Grass",0.29,0.11,0.011,0.029,124.810355,0.430380535
"Con007","Plateau","GreenShrub",15,304127,"Control",307,"Con007_GreenShrub",0.07,-0.35,-0.023333333,0.004666667,21.51230605,0.307318658
"Con007","Plateau","RedAloe",7,547474,"Control",251,"Con007_RedAloe",0.15,0.09,0.012857143,0.021428571,124.1417937,0.827611958
"Con007","Plateau","TallRed",21,212410,"Control",273,"Con007_TallRed",0.01,0.02,0.000952381,0.00047619,13.57157872,1.357157872
"Con007","Plateau","YellowFlower",11,715503,"Control",277,"Con007_YellowFlower",0.11,0.11,0.01,0.01,84.77332856,0.770666623
"Con008","Plateau","GreenShrub",27,231505,"Control",224,"Con008_GreenShrub",0.1,0.07,0.002592593,0.003703704,17.08836747,0.170883675
"Con008","Plateau","Rosette",19,429058,"Control",249,"Con008_Rosette",0.07,0.2,0.010526316,0.003684211,36.42199319,0.520314188
"Con008","Plateau","SpikeyGreen",13,169956,"Control",234,"Con008_SpikeyGreen",0.04,0.02,0.001538462,0.003076923,23.87599252,0.596899813
"Con008","Plateau","YellowFlower",17,504233,"Control",231,"Con008_YellowFlower",0.14,0.31,0.018235294,0.008235294,55.58509905,0.397036422
"Con009","Plateau","Arugula",8,410314,"Control",118,"Con009_Arugula",0.21,0.83,0.10375,0.02625,368.3514076,1.754054322
"Con009","Plateau","Grass",5,140185,"Control",118,"Con009_Grass",0.09,0.07,0.014,0.018,201.3573686,2.237304095
"Con009","Plateau","Grass",12,121537,"Control",118,"Con009_Grass",0.09,0.07,0.005833333,0.0075,72.73831753,0.808203528
"Con009","Plateau","SmallShrub",47,47121,"Control",118,"Con009_SmallShrub",0.08,1,0.021276596,0.001702128,7.200333727,0.090004172
"Con009","Plateau","YellowFlower",22,259853,"Control",118,"Con009_YellowFlower",0.24,0.66,0.03,0.010909091,84.82835392,0.353451475
"Con010","Plateau","Arugula",4,124437,"Control",118,"Con010_Arugula",0.05,0.25,0.0625,0.0125,223.4217897,4.468435794
"Con010","Plateau","GreenShrub",71,117200,"Control",118,"Con010_GreenShrub",0.16,0.16,0.002253521,0.002253521,11.85510073,0.07409438
"Con010","Plateau","RedAloe",7,160698,"Control",118,"Con010_RedAloe",0.17,0.16,0.022857143,0.024285714,164.8725736,0.969838668
"Con010","Plateau","Rosette",33,121116,"Control",118,"Con010_Rosette",0.08,0.27,0.008181818,0.002424242,26.35867436,0.32948343
"Con010","Plateau","SmallShrub",56,34125,"Control",118,"Con010_SmallShrub",0.01,0.07,0.00125,0.000178571,4.376436369,0.437643637
"Con011","Plateau","Arugula",6,398304,"Control",118,"Con011_Arugula",0.16,0.84,0.14,0.026666667,476.7595519,2.979747199
"Con011","Plateau","Grass",8,92331,"Control",118,"Con011_Grass",0.15,0.1,0.0125,0.01875,82.88835823,0.552589055
"Con011","Plateau","RedAloe",5,76492,"Control",118,"Con011_RedAloe",0.05,0.04,0.008,0.01,109.8707268,2.197414536
"Con011","Plateau","SmallShrub",73,57733,"Control",118,"Con011_SmallShrub",0.05,0.08,0.00109589,0.000684932,5.679855025,0.113597101
"Con011","Plateau","TallRed",26,97073,"Control",118,"Con011_TallRed",0.08,0.23,0.008846154,0.003076923,26.81396813,0.335174602
"Con011","Plateau","YellowFlower",23,239009,"Control",118,"Con011_YellowFlower",0.21,0.53,0.023043478,0.009130435,74.63154016,0.355388286
"Con012","Plateau","Grass",7,61201,"Control",118,"Con012_Grass",0.09,0.02,0.002857143,0.012857143,62.79086469,0.697676274
"Con012","Plateau","GreenShrub",50,82472,"Control",118,"Con012_GreenShrub",0.1,0.08,0.0016,0.002,11.84602126,0.118460213
"Con012","Plateau","SmallShrub",66,38837,"Control",118,"Con012_SmallShrub",0.01,0.04,0.000606061,0.000151515,4.226080106,0.422608011
"Con012","Plateau","SpikeyGreen",11,74749,"Control",118,"Con012_SpikeyGreen",NA,NA,NA,NA,48.80324358,NA
"Con013","Plateau","Arugula",7,344225,"Control",118,"Con013_Arugula",0.14,0.72,0.102857143,0.02,353.1671933,2.52262281
"Con013","Plateau","Grass",6,80647,"Control",118,"Con013_Grass",0.17,0.11,0.018333333,0.028333333,96.53236618,0.567837448
"Con013","Plateau","GreenShrub",73,127420,"Control",118,"Con013_GreenShrub",0.01,0.03,0.000410959,0.000136986,12.53576165,1.253576165
"Con013","Plateau","OtherGreenShrub",45,87552,"Control",118,"Con013_OtherGreenShrub",0.12,0.07,0.001555556,0.002666667,13.97299627,0.116441636
"Con013","Plateau","RedAloe",6,160443,"Control",118,"Con013_RedAloe",0.26,0.37,0.061666667,0.043333333,192.0461074,0.738638875
"Con013","Plateau","SmallShrub",64,39647,"Control",118,"Con013_SmallShrub",NA,0.04,0.000625,NA,4.449040326,NA
"Con013","Plateau","SpikeyGreen",12,93180,"Control",118,"Con013_SpikeyGreen",0.15,0.18,0.015,0.0125,55.76702097,0.37178014
"Con013","Plateau","SpikeyRose",7,17819,"Control",118,"Con013_SpikeyRose",NA,NA,NA,NA,18.28189765,NA
"Con013","Plateau","TallRed",20,8001,"Control",118,"Con013_TallRed",0.01,0.01,5e-04,5e-04,2.873096811,0.287309681
"Con014","Plateau","Grass",5,99134,"Control",118,"Con014_Grass",0.2,0.17,0.034,0.04,142.3929905,0.711964953
"Con014","Plateau","GreenShrub",36,109937,"Control",118,"Con014_GreenShrub",0.1,0.19,0.005277778,0.002777778,21.93195602,0.21931956
"Con014","Plateau","OtherGreenShrub",30,85648,"Control",118,"Con014_OtherGreenShrub",0.03,0.07,0.002333333,0.001,20.50368668,0.683456223
"Con014","Plateau","OtherGreenShrub",18,63597,"Control",118,"Con014_OtherGreenShrub",0.03,0.07,0.003888889,0.001666667,25.37465288,0.845821763
"Con014","Plateau","Rosette",25,112355,"Control",118,"Con014_Rosette",0.07,0.26,0.0104,0.0028,32.27664464,0.461094923
"Con014","Plateau","YellowFlower",32,193553,"Control",118,"Con014_YellowFlower",0.2,0.39,0.0121875,0.00625,43.43960967,0.217198048
"Con015","Plateau","Dandelion",4,139866,"Control",118,"Con015_Dandelion",0.06,0.26,0.065,0.015,251.1239586,4.185399311
"Con015","Plateau","Grass",6,73021,"Control",118,"Con015_Grass",0.14,0.12,0.02,0.023333333,87.40424208,0.624316015
"Con015","Plateau","LeafyCushion",30,135847,"Control",118,"Con015_LeafyCushion",0.13,0.26,0.008666667,0.004333333,32.52106674,0.250162052
"Con015","Plateau","OtherGreenShrub",54,176308,"Control",118,"Con015_OtherGreenShrub",0.17,0.29,0.00537037,0.003148148,23.44845564,0.137932092
"Con015","Plateau","RedAloe",4,61924,"Control",118,"Con015_RedAloe",0.14,0.12,0.03,0.035,111.1821316,0.794158083
"Con015","Plateau","Rosette",39,110913,"Control",118,"Con015_Rosette",0.11,0.34,0.008717949,0.002820513,20.42461273,0.185678298
"Con015","Plateau","SpikeyGreen",9,24612,"Control",118,"Con015_SpikeyGreen",0.08,0.16,0.017777778,0.008888889,19.63995021,0.245499378
"Con015","Plateau","SpikeyRose",17,21881,"Control",118,"Con015_SpikeyRose",0.05,0.03,0.001764706,0.002941176,9.243878534,0.184877571
"Pine001","Plateau","Clover",15,341364,"Pine",306.1,"Pine001_Clover",0.01,0.15,0.01,0.000666667,24.28845,2.428845
"Pine001","Plateau","Grass",10,213978,"Pine",234.14,"Pine001_Grass",0.12,0.17,0.017,0.012,39.03173854,0.325264488
"Pine001","Plateau","GreenShrub",21,726979,"Pine",378.12,"Pine001_GreenShrub",0.08,0.1,0.004761905,0.003809524,24.21270287,0.302658786
"Pine001","Plateau","LeafyCushion",20,430398,"Pine",316,"Pine001_LeafyCushion",0.07,0.1,0.005,0.0035,21.55093334,0.307870476
"Pine001","Plateau","Rosette",10,96284,"Pine",304.11,"Pine001_Rosette",0.01,0.08,0.008,0.001,10.4110066,1.04110066
"Pine001","Plateau","SpikeyGreen",16,456079,"Pine",288,"Pine001_SpikeyGreen",0.11,0.11,0.006875,0.006875,34.36648522,0.312422593
"Pine002","Plateau","Arugula",10,987707,"Pine",368,"Pine002_Arugula",0.17,0.25,0.025,0.017,72.9344134,0.429025961
"Pine002","Plateau","Clover",10,666742,"Pine",398.21,"Pine002_Clover",0.02,0.13,0.013,0.002,42.04685231,2.102342616
"Pine002","Plateau","Dandelion",3,1750174,"Pine",292,"Pine002_Dandelion",0.07,0.26,0.086666667,0.023333333,684.2176456,9.774537794
"Pine002","Plateau","GreenShrub",20,368627,"Pine",352.82,"Pine002_GreenShrub",0.04,0.08,0.004,0.002,14.80644354,0.370161089
"Pine002","Plateau","RedAloe",7,818097,"Pine",187.6,"Pine002_RedAloe",0.31,0.23,0.032857143,0.044285714,332.0787549,1.07122179
"Pine002","Plateau","Rosette",10,122418,"Pine",308,"Pine002_Rosette",0.02,0.07,0.007,0.002,12.90457919,0.645228959
"Pine002","Plateau","YellowFlower",19,1932630,"Pine",334.44,"Pine002_YellowFlower",0.18,0.5,0.026315789,0.009473684,90.9407824,0.505226569
"Pine003","Plateau","GreenShrub",21,143033,"Pine",296,"Pine003_GreenShrub",0.03,0.05,0.002380952,0.001428571,7.773803002,0.259126767
"Pine004","Plateau","Cushion",12,110516,"Pine",250,"Pine004_Cushion",0.01,0.03,0.0025,0.000833333,14.73546667,1.473546667
"Pine004","Plateau","Grass",11,497597,"Pine",243,"Pine004_Grass",0.19,0.07,0.006363636,0.017272727,76.60771717,0.403198511
"Pine004","Plateau","GreenShrub",34,226214,"Pine",376,"Pine004_GreenShrub",0.03,0.05,0.001470588,0.000882353,4.706140322,0.156871344
"Pine004","Plateau","RedAloe",7,2897217,"Pine",227,"Pine004_RedAloe",0.41,NA,NA,0.058571429,803.2140015,1.95905854
"Pine004","Plateau","RedAloe",7,2644374,"Pine",218,"Pine004_RedAloe",0.41,NA,NA,0.058571429,794.898818,1.938777605
"Pine005","Plateau","Grass",10,798541,"Pine",237,"Pine005_Grass",0.13,0.01,0.001,0.013,142.1675657,1.09359666
"Pine005","Plateau","Grass",5,589163,"Pine",256,"Pine005_Grass",0.13,0.01,0.002,0.026,179.7982788,1.383063683
"Pine005","Plateau","GreenShrub",24,520624,"Pine",311,"Pine005_GreenShrub",0.05,0.12,0.005,0.002083333,22.42808353,0.448561671
"Pine005","Plateau","RedAloe",5,1602650,"Pine",281,"Pine005_RedAloe",0.13,0.17,0.034,0.026,405.9345753,3.122573656
"Pine005","Plateau","TallGreen",9,141706,"Pine",279,"Pine005_TallGreen",NA,NA,NA,NA,20.2272724,NA
"Pine006","Plateau","Arugula",7,1171118,"Pine",231,"Pine006_Arugula",0.12,0.18,0.025714286,0.017142857,313.5296779,2.612747316
"Pine006","Plateau","Grass",6,1397357,"Pine",241,"Pine006_Grass",0.36,0.32,0.053333333,0.06,400.9793794,1.113831609
"Pine006","Plateau","GreenShrub",15,313360,"Pine",347,"Pine006_GreenShrub",NA,NA,NA,NA,17.34975514,NA
"Pine006","Plateau","RedAloe",6,1676532,"Pine",248,"Pine006_RedAloe",0.22,0.32,0.053333333,0.036666667,454.3151665,2.065068939
"Pine007","Plateau","FatGreen",5,2219921,"Pine",303,"Pine007_FatGreen",0.27,0.43,0.086,0.054,483.5955081,1.791094474
"Pine007","Plateau","Grass",9,696299,"Pine",239,"Pine007_Grass",0.23,0.23,0.025555556,0.025555556,135.4432793,0.588883823
"Pine007","Plateau","GreenShrub",24,261284,"Pine",310,"Pine007_GreenShrub",0.15,0.22,0.009166667,0.00625,11.32865071,0.075524338
"Pine007","Plateau","RedAloe",4,978341,"Pine",281,"Pine007_RedAloe",0.19,0.12,0.03,0.0475,309.7544991,1.630286837
"Pine008","Plateau","FatGreen",5,877923,"Pine",220,"Pine008_FatGreen",1.54,0.44,0.088,0.308,362.7780992,0.235570194
"Pine008","Plateau","FuzzyLeaf",5,148587,"Pine",247,"Pine008_FuzzyLeaf",0.01,0.04,0.008,0.002,48.70986248,4.870986248
"Pine008","Plateau","Grass",8,562780,"Pine",217,"Pine008_Grass",0.16,0.17,0.02125,0.02,149.3926395,0.933703997
"Pine008","Plateau","GreenShrub",28,544080,"Pine",298,"Pine008_GreenShrub",0.08,0.12,0.004285714,0.002857143,21.88125374,0.273515672
"Pine008","Plateau","RedAloe",5,1210557,"Pine",231,"Pine008_RedAloe",0.07,0.12,0.024,0.014,453.7235059,6.48176437
"Pine008","Plateau","Rosette",14,222212,"Pine",252,"Pine008_Rosette",0.04,0.1,0.007142857,0.002857143,24.9941511,0.624853777
"Pine008","Plateau","Rosette",14,272532,"Pine",271,"Pine008_Rosette",0.04,0.1,0.007142857,0.002857143,26.50640845,0.662660211
"Pine008","Plateau","SmallShrub",42,216636,"Pine",262,"Pine008_SmallShrub",0.03,NA,NA,0.000714286,7.514130878,0.250471029
"Pine008","Plateau","SpikeyGreen",13,536229,"Pine",241,"Pine008_SpikeyGreen",0.03,0.09,0.006923077,0.002307692,71.01872319,2.367290773
"Pine008","Plateau","YellowFlower",15,341461,"Pine",256,"Pine008_YellowFlower",0.11,0.11,0.007333333,0.007333333,34.73520915,0.315774629
"Pine009","Plateau","FuzzyLeaf",11,75378,"Pine",118,"Pine009_FuzzyLeaf",0.01,0.06,0.005454545,0.000909091,49.2139145,4.92139145
"Pine009","Plateau","Grass",4,101730,"Pine",118,"Pine009_Grass",0.15,0.15,0.0375,0.0375,182.6522551,1.217681701
"Pine009","Plateau","GreenShrub",39,115240,"Pine",118,"Pine009_GreenShrub",0.18,0.17,0.004358974,0.004615385,21.22142915,0.117896829
"Pine009","Plateau","RedAloe",4,280662,"Pine",118,"Pine009_RedAloe",0.25,0.3,0.075,0.0625,503.9176961,2.015670784
"Pine009","Plateau","SmallShrub",63,47136,"Pine",118,"Pine009_SmallShrub",0.01,0.06,0.000952381,0.00015873,5.373387505,0.53733875
"Pine009","Plateau","SpikeyGreen",10,80927,"Pine",118,"Pine009_SpikeyGreen",0.08,0.11,0.011,0.008,58.12051135,0.726506392
"Pine010","Plateau","Grass",3,125389,"Pine",118,"Pine010_Grass",0.14,0.21,0.07,0.046666667,300.1747582,2.144105416
"Pine010","Plateau","GreenShrub",65,136785,"Pine",118,"Pine010_GreenShrub",0.11,0.17,0.002615385,0.001692308,15.11336265,0.137394206
"Pine010","Plateau","RedAloe",3,189149,"Pine",118,"Pine010_RedAloe",0.07,0.18,0.06,0.023333333,452.812889,6.468755557
"Pine010","Plateau","SmallShrub",59,41190,"Pine",118,"Pine010_SmallShrub",0.06,0.06,0.001016949,0.001016949,5.013901129,0.083565019
"Pine010","Plateau","TallRed",25,110471,"Pine",118,"Pine010_TallRed",0.04,0.25,0.01,0.0016,31.73542086,0.793385521
"Pine011","Plateau","Grass",5,247772,"Pine",118,"Pine011_Grass",0.2,0.28,0.056,0.04,355.8919851,1.779459925
"Pine011","Plateau","GreenShrub",51,115455,"Pine",118,"Pine011_GreenShrub",0.15,0.22,0.004313725,0.002941176,16.25842811,0.108389521
"Pine011","Plateau","LeafyCushion",27,141800,"Pine",118,"Pine011_LeafyCushion",0.13,0.37,0.013703704,0.004814815,37.71798227,0.290138325
"Pine011","Plateau","LeafyCushion",21,147431,"Pine",118,"Pine011_LeafyCushion",0.13,0.37,0.017619048,0.006190476,50.42030889,0.38784853
"Pine011","Plateau","RedAloe",4,175464,"Pine",118,"Pine011_RedAloe",0.12,0.28,0.07,0.03,315.038782,2.625323183
"Pine011","Plateau","Rosette",12,30449,"Pine",118,"Pine011_Rosette",0.05,0.1,0.008333333,0.004166667,18.22333142,0.364466628
"Pine012","Plateau","Cilantro",5,166013,"Pine",118,"Pine012_Cilantro",0.05,0.13,0.026,0.01,238.4559035,4.76911807
"Pine012","Plateau","FatGreen",5,261853,"Pine",118,"Pine012_FatGreen",0.14,0.51,0.102,0.028,376.117495,2.686553536
"Pine012","Plateau","Grass",5,146554,"Pine",118,"Pine012_Grass",0.2,0.15,0.03,0.04,210.5056018,1.052528009
"Pine012","Plateau","GreenShrub",50,134407,"Pine",118,"Pine012_GreenShrub",0.1,0.13,0.0026,0.002,19.30580293,0.193058029
"Pine012","Plateau","SmallShrub",65,56266,"Pine",118,"Pine012_SmallShrub",0.01,0.11,0.001692308,0.000153846,6.216825404,0.62168254
"Pine012","Plateau","SpikeyGreen",11,96264,"Pine",118,"Pine012_SpikeyGreen",NA,NA,NA,NA,62.85027813,NA
"Pine012","Plateau","TallSpike",24,11471,"Pine",118,"Pine012_TallSpike",0.01,0.01,0.000416667,0.000416667,3.432622331,0.343262233
"Pine012","Plateau","YellowFlower",23,161484,"Pine",118,"Pine012_YellowFlower",0.14,0.2,0.008695652,0.006086957,50.42404107,0.360171722
"Pine013","Plateau","Dandelion",6,171254,"Pine",118,"Pine013_Dandelion",NA,NA,NA,NA,204.9865939,NA
"Pine013","Plateau","FuzzyLeaf",7,43291,"Pine",118,"Pine013_FuzzyLeaf",0.02,0.07,0.01,0.002857143,44.41560307,2.220780153
"Pine013","Plateau","Grass",5,401851,"Pine",118,"Pine013_Grass",0.14,0.27,0.054,0.028,577.2062626,4.122901875
"Pine013","Plateau","GreenShrub",50,118761,"Pine",118,"Pine013_GreenShrub",0.1,0.13,0.0026,0.002,17.05846021,0.170584602
"Pine013","Plateau","GreenShrub",64,102811,"Pine",118,"Pine013_GreenShrub",0.1,0.13,0.00203125,0.0015625,11.53707178,0.115370718
"Pine013","Plateau","OtherGreenShrub",34,109964,"Pine",118,"Pine013_OtherGreenShrub",0.07,0.21,0.006176471,0.002058824,23.2277743,0.331825347
"Pine014","Plateau","Arugula",4,167771,"Pine",118,"Pine014_Arugula",0.12,0.44,0.11,0.03,301.2262999,2.510219166
"Pine014","Plateau","Dandelion",4,76346,"Pine",118,"Pine014_Dandelion",0.04,0.03,0.0075,0.01,137.0762712,3.42690678
"Pine014","Plateau","Grass",6,79588,"Pine",118,"Pine014_Grass",0.13,0.16,0.026666667,0.021666667,95.26477066,0.732805928
"Pine014","Plateau","GreenShrub",51,94460,"Pine",118,"Pine014_GreenShrub",0.11,0.18,0.003529412,0.002156863,13.3019022,0.120926384
"Pine014","Plateau","LeafyCushion",25,180077,"Pine",118,"Pine014_LeafyCushion",0.12,0.36,0.0144,0.0048,51.73139902,0.431094992
"Pine014","Plateau","OtherGreenShrub",33,117527,"Pine",118,"Pine014_OtherGreenShrub",0.1,0.24,0.007272727,0.003030303,25.57759439,0.255775944
"Pine014","Plateau","RedAloe",4,171214,"Pine",118,"Pine014_RedAloe",0.15,-0.21,-0.0525,0.0375,307.4080724,2.049387149
"Pine014","Plateau","Rosette",30,100123,"Pine",118,"Pine014_Rosette",0.08,0.29,0.009666667,0.002666667,23.96892655,0.299611582
"Pine014","Plateau","SpikeyRose",31,124,"Pine",118,"Pine014_SpikeyRose",0.04,0.14,0.004516129,0.001290323,0.028727377,0.000718184
"Pine015","Plateau","Dandelion",5,268152,"Pine",118,"Pine015_Dandelion",0.06,0.45,0.09,0.012,385.1651824,6.419419707
"Pine015","Plateau","FatTall",8,186323,"Pine",118,"Pine015_FatTall",NA,NA,NA,NA,167.2678469,NA
"Pine015","Plateau","Grass",7,167918,"Pine",118,"Pine015_Grass",0.15,0.23,0.032857143,0.021428571,172.280133,1.14853422
"Pine015","Plateau","RedAloe",3,178030,"Pine",118,"Pine015_RedAloe",0.12,0.09,0.03,0.04,426.1945801,3.551621501
"Pine015","Plateau","TallRed",24,85689,"Pine",118,"Pine015_TallRed",0.05,0.23,0.009583333,0.002083333,25.64187733,0.512837547
"Pine015","Plateau","YellowFlower",25,287579,"Pine",118,"Pine015_YellowFlower",0.23,0.87,0.0348,0.0092,82.61390405,0.359190887
"Sap001","Plateau","Clover",10,302928,"Sapling",376.34,"Sap001_Clover",0.01,0.08,0.008,0.001,21.38841767,2.138841767
"Sap001","Plateau","LeafyCushion",20,679444,"Sapling",348.02,"Sap001_LeafyCushion",0.08,0.22,0.011,0.004,28.04886336,0.350610792
"Sap001","Plateau","newGreen",20,178718,"Sapling",290.21,"Sap001_newGreen",0.01,0.04,0.002,5e-04,10.60995529,1.060995529
"Sap001","Plateau","Rosette",10,130967,"Sapling",327,"Sap001_Rosette",0.01,0.03,0.003,0.001,12.24803374,1.224803374
"Sap001","Plateau","SpikeyCushion",20,278857,"Sapling",309,"Sap001_SpikeyCushion",0.06,0.07,0.0035,0.003,14.60274819,0.243379137
"Sap001","Plateau","SpikeyGreen",15,337302,"Sapling",306.08,"Sap001_SpikeyGreen",0.09,0.11,0.007333333,0.006,24.00257038,0.266695226
"Sap002","Plateau","Arugula",5,1605089,"Sapling",282,"Sap002_Arugula",0.054,0.088,0.0176,0.0108,403.674111,7.475446499
"Sap002","Plateau","Clover",10,241195,"Sapling",404,"Sap002_Clover",0.01,0.05,0.005,0.001,14.7776566,1.47776566
"Sap002","Plateau","Dandelion",6,1326562,"Sapling",247,"Sap002_Dandelion",0.0225,0.0675,0.01125,0.00375,362.3951657,16.10645181
"Sap002","Plateau","GreenShrub",20,525917,"Sapling",400,"Sap002_GreenShrub",0.05,0.08,0.004,0.0025,16.43490625,0.328698125
"Sap002","Plateau","LeafyCushion",20,527756,"Sapling",340,"Sap002_LeafyCushion",0.07,0.17,0.0085,0.0035,22.82681661,0.32609738
"Sap002","Plateau","RedAloe",10,1552732,"Sapling",240.35,"Sap002_RedAloe",0.28,0.02,0.002,0.028,268.7869941,0.95995355
"Sap002","Plateau","Rosette",10,204625,"Sapling",284.03,"Sap002_Rosette",0.03,0.11,0.011,0.003,25.36473123,0.845491041
"Sap002","Plateau","Rosette",10,224953,"Sapling",284,"Sap002_Rosette",0.03,0.11,0.011,0.003,27.89042353,0.929680784
"Sap002","Plateau","SpikeyCushion",20,74183,"Sapling",274,"Sap002_SpikeyCushion",0.01,0.04,0.002,5e-04,4.940526933,0.494052693
"Sap002","Plateau","YellowFlower",17,873234,"Sapling",376,"Sap002_YellowFlower",0.1,0.16,0.009411765,0.005882353,36.3333988,0.363333988
"Sap003","Plateau","Clover",10,331478,"Sapling",347,"Sap003_Clover",0.02,0.07,0.007,0.002,27.52933751,1.376466875
"Sap003","Plateau","Dandelion",5,763662,"Sapling",269,"Sap003_Dandelion",0.12,0.32,0.064,0.024,211.0700515,1.758917096
"Sap003","Plateau","GreenShrub",20,269430,"Sapling",352.36,"Sap003_GreenShrub",0.01,0.08,0.004,5e-04,10.85032515,1.085032515
"Sap003","Plateau","LeafyCushion",20,690136,"Sapling",359,"Sap003_LeafyCushion",NA,NA,NA,NA,26.774156,NA
"Sap003","Plateau","Rosette",10,199180,"Sapling",328.05,"Sap003_Rosette",0.04,0.1,0.01,0.004,18.50826222,0.462706556
"Sap004","Plateau","Cushion",9,92451,"Sapling",266,"Sap004_Cushion",0.01,0.01,0.001111111,0.001111111,14.51796785,1.451796785
"Sap004","Plateau","Grass",5,937465,"Sapling",261,"Sap004_Grass",NA,NA,NA,NA,275.2352432,NA
"Sap004","Plateau","GreenShrub",20,236706,"Sapling",384.08,"Sap004_GreenShrub",0.28,0.17,0.0085,0.014,8.022983239,0.028653512
"Sap004","Plateau","GreenShrub",15,485145,"Sapling",382,"Sap004_GreenShrub",0.28,0.17,0.011333333,0.018666667,22.1642773,0.079158133
"Sap004","Plateau","GreenShrub",15,367403,"Sapling",346,"Sap004_GreenShrub",0.28,0.17,0.011333333,0.018666667,20.45969907,0.073070354
"Sap004","Plateau","GreenShrub",15,329158,"Sapling",338,"Sap004_GreenShrub",0.28,0.17,0.011333333,0.018666667,19.20789421,0.068599622
"Sap004","Plateau","RedAloe",5,1693944,"Sapling",220,"Sap004_RedAloe",NA,NA,NA,NA,699.9768595,NA
"Sap005","Plateau","Grass",6,355232,"Sapling",217,"Sap005_Grass",0.17,0.12,0.02,0.028333333,125.7307085,0.739592403
"Sap005","Plateau","GreenShrub",18,167588,"Sapling",317,"Sap005_GreenShrub",0.03,0.07,0.003888889,0.001666667,9.26513792,0.308837931
"Sap005","Plateau","LeafyCushion",17,380599,"Sapling",275.59,"Sap005_LeafyCushion",NA,NA,NA,NA,29.477579,NA
"Sap005","Plateau","RedAloe",5,745287,"Sapling",266,"Sap005_RedAloe",0.17,0.12,0.024,0.034,210.663972,1.239199835
"Sap005","Plateau","TallRed",25,240947,"Sapling",288,"Sap005_TallRed",0.03,0.07,0.0028,0.0012,11.61974344,0.387324781
"Sap005","Plateau","XtraSpikey",10,256848,"Sapling",289,"Sap005_XtraSpikey",0.04,0.01,0.001,0.004,30.75250536,0.768812634
"Sap006","Plateau","Grass",10,1271509,"Sapling",243,"Sap006_Grass",0.37,0.29,0.029,0.037,215.3311656,0.581976123
"Sap006","Plateau","GreenShrub",20,321489,"Sapling",283,"Sap006_GreenShrub",0.06,0.11,0.0055,0.003,20.07073381,0.33451223
"Sap006","Plateau","RedAloe",4,1273499,"Sapling",257,"Sap006_RedAloe",NA,NA,NA,NA,482.0281155,NA
"Sap006","Plateau","SpikeyRose",10,71086,"Sapling",313,"Sap006_SpikeyRose",0.01,0.01,0.001,0.001,7.255968725,0.725596872
"Sap007","Plateau","FatGreen",6,1901824,"Sapling",266,"Sap007_FatGreen",0.14,1.22,0.203333333,0.023333333,447.9770856,3.199836326
"Sap007","Plateau","Grass",5,1091043,"Sapling",239,"Sap007_Grass",0.24,0.25,0.05,0.048,382.0111693,1.591713205
"Sap007","Plateau","GreenShrub",20,200135,"Sapling",296,"Sap007_GreenShrub",0.05,0.03,0.0015,0.0025,11.42114454,0.228422891
"Sap007","Plateau","RedAloe",5,1057049,"Sapling",258,"Sap007_RedAloe",NA,NA,NA,NA,317.6038099,NA
"Sap007","Plateau","TallRed",22,272392,"Sapling",299,"Sap007_TallRed",0.04,0.04,0.001818182,0.001818182,13.84934681,0.34623367
"Sap008","Plateau","Grass",5,643724,"Sapling",237,"Sap008_Grass",0.22,0.16,0.032,0.044,229.2097064,1.041862302
"Sap008","Plateau","GreenShrub",26,289467,"Sapling",241,"Sap008_GreenShrub",0.1,0.1,0.003846154,0.003846154,19.16865439,0.191686544
"Sap008","Plateau","Rosette",14,227294,"Sapling",259,"Sap008_Rosette",NA,NA,NA,NA,24.20250997,NA
"Sap008","Plateau","SmallShrub",41,236716,"Sapling",321,"Sap008_SmallShrub",0.01,0.02,0.000487805,0.000243902,5.603168618,0.560316862
"Sap008","Plateau","SpikeyGreen",8,577344,"Sapling",236,"Sap008_SpikeyGreen",0.09,0.12,0.015,0.01125,129.5748348,1.439720387
"Sap009","Plateau","Grass",8,73597,"Sapling",118,"Sap009_Grass",0.11,0.07,0.00875,0.01375,66.07027435,0.600638858
"Sap009","Plateau","GreenShrub",55,116146,"Sapling",118,"Sap009_GreenShrub",0.14,0.18,0.003272727,0.002545455,15.16622705,0.108330193
"Sap009","Plateau","RedAloe",5,132489,"Sapling",118,"Sap009_RedAloe",0.18,0.24,0.048,0.036,190.3030738,1.057239299
"Sap009","Plateau","RedLettuce",10,102343,"Sapling",118,"Sap009_RedLettuce",0.06,0.31,0.031,0.006,73.5011491,1.225019152
"Sap009","Plateau","Rosette",19,51774,"Sapling",118,"Sap009_Rosette",0.07,0.26,0.013684211,0.003684211,19.57014772,0.279573539
"Sap010","Plateau","Arugula",5,280120,"Sapling",118,"Sap010_Arugula",0.16,0.5,0.1,0.032,402.3556449,2.514722781
"Sap010","Plateau","GreenShrub",42,86285,"Sapling",118,"Sap010_GreenShrub",0.13,0.18,0.004285714,0.003095238,14.75441512,0.113495501
"Sap010","Plateau","Rosette",9,19794,"Sapling",118,"Sap010_Rosette",0.01,0.05,0.005555556,0.001111111,15.79526956,1.579526956
"Sap010","Plateau","SmallShrub",63,40712,"Sapling",118,"Sap010_SmallShrub",0.1,0.19,0.003015873,0.001587302,4.641067382,0.046410674
"Sap010","Plateau","SpikeyGreen",11,114304,"Sapling",118,"Sap010_SpikeyGreen",0.15,0.17,0.015454545,0.013636364,74.62850278,0.497523352
"Sap010","Plateau","YellowFlower",18,169206,"Sapling",118,"Sap010_YellowFlower",0.14,0.31,0.017222222,0.007777778,67.51173035,0.482226645
"Sap011","Plateau","Cilantro",6,274942,"Sapling",118,"Sap011_Cilantro",0.08,0.27,0.045,0.013333333,329.0984391,4.113730489
"Sap011","Plateau","Grass",4,131930,"Sapling",118,"Sap011_Grass",0.16,0.14,0.035,0.04,236.8751795,1.480469872
"Sap011","Plateau","GreenShrub",42,114694,"Sapling",118,"Sap011_GreenShrub",0.1,0.13,0.003095238,0.002380952,19.61224881,0.196122488
"Sap011","Plateau","RedAloe",3,172381,"Sapling",118,"Sap011_RedAloe",0.22,0.18,0.06,0.073333333,412.6711673,1.875778033
"Sap011","Plateau","SmallShrub",66,55785,"Sapling",118,"Sap011_SmallShrub",0.01,0.03,0.000454545,0.000151515,6.070290669,0.607029067
"Sap011","Plateau","SpikeyGreen",9,64875,"Sapling",118,"Sap011_SpikeyGreen",NA,NA,NA,NA,51.76912765,NA
"Sap011","Plateau","TallRed",17,38530,"Sapling",118,"Sap011_TallRed",0.04,0.08,0.004705882,0.002352941,16.27743887,0.406935972
"Sap011","Plateau","YellowFlower",25,203444,"Sapling",118,"Sap011_YellowFlower",0.22,0.6,0.024,0.0088,58.44412525,0.265655115
"Sap012","Plateau","Arugula",5,197686,"Sapling",118,"Sap012_Arugula",NA,NA,NA,NA,283.9500144,NA
"Sap012","Plateau","Dandelion",6,184284,"Sapling",118,"Sap012_Dandelion",0.08,0.32,0.053333333,0.013333333,220.5831658,2.757289572
"Sap012","Plateau","GreenShrub",57,101311,"Sapling",118,"Sap012_GreenShrub",0.08,0.07,0.00122807,0.001403509,12.76490926,0.159561366
"Sap012","Plateau","RedAloe",7,222908,"Sapling",118,"Sap012_RedAloe",0.34,0.19,0.027142857,0.048571429,228.6986498,0.672643088
"Sap012","Plateau","Rosette",26,70241,"Sapling",118,"Sap012_Rosette",NA,NA,NA,NA,19.40230482,NA
"Sap012","Plateau","SpikeyCushion",13,35651,"Sapling",118,"Sap012_SpikeyCushion",0.15,0.53,0.040769231,0.011538462,19.69537931,0.131302529
"Sap012","Plateau","SpikeyGreen",7,54434,"Sapling",118,"Sap012_SpikeyGreen",0.06,0.06,0.008571429,0.008571429,55.84807321,0.93080122
"Sap012","Plateau","SpikeyRose",33,404,"Sapling",118,"Sap012_SpikeyRose",0.06,0.11,0.003333333,0.001818182,0.087923185,0.001465386
"Sap013","Plateau","Arugula",6,244548,"Sapling",118,"Sap013_Arugula",NA,NA,NA,NA,292.7176099,NA
"Sap013","Plateau","Dandelion",6,361952,"Sapling",118,"Sap013_Dandelion",0.1,0.62,0.103333333,0.016666667,433.2471512,4.332471512
"Sap013","Plateau","Grass",6,117039,"Sapling",118,"Sap013_Grass",0.15,0.2,0.033333333,0.025,140.0926458,0.933950972
"Sap013","Plateau","GreenShrub",40,136823,"Sapling",118,"Sap013_GreenShrub",0.13,0.13,0.00325,0.00325,24.56603706,0.188969516
"Sap013","Plateau","RedAloe",NA,292235,"Sapling",118,"Sap013_RedAloe",0.18,0.1,NA,NA,NA,NA
"Sap013","Plateau","YellowFlower",18,228451,"Sapling",118,"Sap013_YellowFlower",0.2,0.49,0.027222222,0.011111111,91.14997287,0.455749864
"Sap014","Plateau","Arugula",5,313304,"Sapling",118,"Sap014_Arugula",0.16,0.56,0.112,0.032,450.0201092,2.812625682
"Sap014","Plateau","Dandelion",4,191894,"Sapling",118,"Sap014_Dandelion",0.06,0.26,0.065,0.015,344.5382074,5.742303457
"Sap014","Plateau","GreenShrub",41,111797,"Sapling",118,"Sap014_GreenShrub",0.09,0.15,0.003658537,0.002195122,19.58313773,0.217590419
"Sap014","Plateau","NewGreen",4,13994,"Sapling",118,"Sap014_NewGreen",0.01,0.01,0.0025,0.0025,25.12568228,2.512568228
"Sap014","Plateau","SpikeyRose",12,29399,"Sapling",118,"Sap014_SpikeyRose",0.09,0.03,0.0025,0.0075,17.59492004,0.195499112
"Sap014","Plateau","YellowFlower",31,202530,"Sapling",118,"Sap014_YellowFlower",0.16,0.47,0.01516129,0.00516129,46.9206105,0.293253816
"Sap015","Plateau","Grass",9,165852,"Sapling",118,"Sap015_Grass",0.2,0.27,0.03,0.022222222,132.3470267,0.661735134
"Sap015","Plateau","GreenShrub",46,79314,"Sapling",118,"Sap015_GreenShrub",0.12,0.11,0.002391304,0.002608696,12.38306084,0.103192174
"Sap015","Plateau","LeafyCushion",32,126279,"Sapling",118,"Sap015_LeafyCushion",0.12,0.3,0.009375,0.00375,28.34112863,0.236176072
"Sap015","Plateau","NewGreen",NA,56149,"Sapling",118,"Sap015_NewGreen",NA,NA,NA,NA,NA,NA
"Sap015","Plateau","OtherGreenShrub",22,76141,"Sapling",118,"Sap015_OtherGreenShrub",0.09,0.16,0.007272727,0.004090909,24.85603667,0.276178185
"Sap015","Plateau","RedAloe",5,281885,"Sapling",118,"Sap015_RedAloe",0.31,0.44,0.088,0.062,404.890836,1.306099471
"Sap015","Plateau","Rosette",21,77786,"Sapling",118,"Sap015_Rosette",0.08,0.18,0.008571429,0.003809524,26.60223526,0.332527941
"Sap015","Plateau","SpikeyGreen",12,78232,"Sapling",118,"Sap015_SpikeyGreen",0.07,0.17,0.014166667,0.005833333,46.82083692,0.668869099
"Sap015","Plateau","YellowFlower",28,247680,"Sapling",118,"Sap015_YellowFlower",0.22,0.7,0.025,0.007857143,63.5285427,0.288766103
