"Treatment","Sample","plotNumber","Zone","underscore","Morphospecies","uniqueID","PlantSpecies","MYC","PlantFUNCT.group"
"Control","Con001",1,"Plateau","_","Arugula","Con001_Arugula","Hypochaeris sp","AM_facAM","flowering plant "
"Control","Con001",1,"Plateau","_","Dandelion","Con001_Dandelion","Hypochaeris sp","AM_facAM","flowering plant "
"Control","Con001",2,"Plateau","_","Dandelion","Con001_Dandelion","Hypochaeris sp","AM_facAM","flowering plant "
"Control","Con001",3,"Plateau","_","Dandelion","Con001_Dandelion","Hypochaeris sp","AM_facAM","flowering plant "
"Control","Con001",4,"Plateau","_","Dandelion","Con001_Dandelion","Hypochaeris sp","AM_facAM","flowering plant "
"Control","Con001",5,"Plateau","_","Dandelion","Con001_Dandelion","Hypochaeris sp","AM_facAM","flowering plant "
"Control","Con001",1,"Plateau","_","Grass","Con001_Grass","Festuca sp","AM","grass"
"Control","Con001",1,"Plateau","_","Grass","Con001_Grass","Festuca sp","AM","grass"
"Control","Con001",1,"Plateau","_","GreenShrub","Con001_GreenShrub","Gaultheria pumila","ERM","evergreen shrub"
"Control","Con001",1,"Plateau","_","Rosette","Con001_Rosette","Viola sp","AM","flowering plant"
"Control","Con001",1,"Plateau","_","YellowFlower","Con001_YellowFlower","Senecio agyreus","AM","flowering plant"
"Control","Con002",2,"Plateau","_","Grass","Con002_Grass","Festuca sp","AM","grass"
"Control","Con002",2,"Plateau","_","GreenShrub","Con002_GreenShrub","Gaultheria pumila","ERM","evergreen shrub"
"Control","Con002",2,"Plateau","_","LeafyGreen","Con002_LeafyGreen","Nasthantus patagonicus","AM","flowering plant "
"Control","Con002",2,"Plateau","_","OtherGreenShrub","Con002_OtherGreenShrub","Baccharis magellanica","AM","evergreen shrub"
"Control","Con002",2,"Plateau","_","Rosette","Con002_Rosette","Viola sp","AM","flowering plant"
"Control","Con002",2,"Plateau","_","SpikeyCushion","Con002_SpikeyCushion","Mulinum echinus","AM","dense spiny shrub"
"Control","Con002",2,"Plateau","_","SpikeyGreen","Con002_SpikeyGreen","Perezia piliffera /fonkii?","AM","flowering plant "
"Control","Con002",2,"Plateau","_","YellowFlower","Con002_YellowFlower","Senecio agyreus","AM","flowering plant"
"Control","Con003",3,"Plateau","_","Grass","Con003_Grass","Festuca sp","AM","grass"
"Control","Con003",3,"Plateau","_","GreenShrub","Con003_GreenShrub","Gaultheria pumila","ERM","evergreen shrub"
"Control","Con003",3,"Plateau","_","LeafyCushion","Con003_LeafyCushion","Azorella sp","AM","flowering plant"
"Control","Con003",3,"Plateau","_","Rosette","Con003_Rosette","Viola sp","AM","flowering plant"
"Control","Con003",3,"Plateau","_","Rosette","Con003_Rosette","Viola sp","AM","flowering plant"
"Control","Con003",3,"Plateau","_","SpikeyGreen","Con003_SpikeyGreen","Perezia piliffera /fonkii?","AM","flowering plant "
"Control","Con004",4,"Plateau","_","Grass","Con004_Grass","Festuca sp","AM","grass"
"Control","Con004",4,"Plateau","_","GreenShrub","Con004_GreenShrub","Gaultheria pumila","ERM","evergreen shrub"
"Control","Con004",4,"Plateau","_","GreenShrub","Con004_GreenShrub","Gaultheria pumila","ERM","evergreen shrub"
"Control","Con004",4,"Plateau","_","RedAloe","Con004_RedAloe","Poa sp","AM","grass"
"Control","Con004",4,"Plateau","_","Rosette","Con004_Rosette","Viola sp","AM","flowering plant"
"Control","Con004",4,"Plateau","_","SpikeyGreen","Con004_SpikeyGreen","Perezia piliffera /fonkii?","AM","flowering plant "
"Control","Con004",4,"Plateau","_","YellowFlower","Con004_YellowFlower","Senecio agyreus","AM","flowering plant"
"Control","Con005",5,"Plateau","_","Clover","Con005_Clover","Oxalis adenophylla","AM","flowering plant "
"Control","Con005",5,"Plateau","_","Dandelion","Con005_Dandelion","Hypochaeris sp","AM_facAM","flowering plant "
"Control","Con005",5,"Plateau","_","Grass","Con005_Grass","Festuca sp","AM","grass"
"Control","Con005",5,"Plateau","_","GreenShrub","Con005_GreenShrub","Gaultheria pumila","ERM","evergreen shrub"
"Control","Con005",5,"Plateau","_","RedAloe","Con005_RedAloe","Poa sp","AM","grass"
"Control","Con005",5,"Plateau","_","Rosette","Con005_Rosette","Viola sp","AM","flowering plant"
"Control","Con005",5,"Plateau","_","TallGreen","Con005_TallGreen","","",""
"Control","Con005",5,"Plateau","_","TallRed","Con005_TallRed","Euphrasia meiantha","NM","flowering plant"
"Control","Con006",6,"Plateau","_","Arugula","Con006_Arugula","Hypochaeris sp","AM_facAM","flowering plant "
"Control","Con006",6,"Plateau","_","FatGreen","Con006_FatGreen","Perezia bellidifolia","AM","flowering plant"
"Control","Con006",6,"Plateau","_","FuzzyLeaf","Con006_FuzzyLeaf","Erigeron sp","AM","flowering plant"
"Control","Con006",6,"Plateau","_","Grass","Con006_Grass","Festuca sp","AM","grass"
"Control","Con006",6,"Plateau","_","GreenShrub","Con006_GreenShrub","Gaultheria pumila","ERM","evergreen shrub"
"Control","Con006",6,"Plateau","_","RedAloe","Con006_RedAloe","Poa sp","AM","grass"
"Control","Con006",6,"Plateau","_","Rosette","Con006_Rosette","Viola sp","AM","flowering plant"
"Control","Con006",6,"Plateau","_","TallRed","Con006_TallRed","Euphrasia meiantha","NM","flowering plant"
"Control","Con006",6,"Plateau","_","YellowFlower","Con006_YellowFlower","Senecio agyreus","AM","flowering plant"
"Control","Con007",7,"Plateau","_","Arugula","Con007_Arugula","Hypochaeris sp","AM_facAM","flowering plant "
"Control","Con007",7,"Plateau","_","Cushion","Con007_Cushion","Bolax gummifera","AM","flowering plant"
"Control","Con007",7,"Plateau","_","Grass","Con007_Grass","Festuca sp","AM","grass"
"Control","Con007",7,"Plateau","_","GreenShrub","Con007_GreenShrub","Gaultheria pumila","ERM","evergreen shrub"
"Control","Con007",7,"Plateau","_","RedAloe","Con007_RedAloe","Poa sp","AM","grass"
"Control","Con007",7,"Plateau","_","Rosette","Con007_Rosette","Viola sp","AM","flowering plant"
"Control","Con007",7,"Plateau","_","SpikeyRose","Con007_SpikeyRose","Nassauvia revoluta","AM","flowering plant "
"Control","Con007",7,"Plateau","_","TallRed","Con007_TallRed","Euphrasia meiantha","NM","flowering plant"
"Control","Con007",7,"Plateau","_","YellowFlower","Con007_YellowFlower","Senecio agyreus","AM","flowering plant"
"Control","Con008",8,"Plateau","_","Grass","Con008_Grass","Festuca sp","AM","grass"
"Control","Con008",8,"Plateau","_","Grass","Con008_Grass","Festuca sp","AM","grass"
"Control","Con008",8,"Plateau","_","GreenShrub","Con008_GreenShrub","Gaultheria pumila","ERM","evergreen shrub"
"Control","Con008",8,"Plateau","_","Rosette","Con008_Rosette","Viola sp","AM","flowering plant"
"Control","Con008",8,"Plateau","_","SpikeyGreen","Con008_SpikeyGreen","Perezia piliffera /fonkii?","AM","flowering plant "
"Control","Con008",8,"Plateau","_","YellowFlower","Con008_YellowFlower","Senecio agyreus","AM","flowering plant"
"Control","Con009",9,"Plateau","_","Arugula","Con009_Arugula","Hypochaeris sp","AM_facAM","flowering plant "
"Control","Con009",9,"Plateau","_","Grass","Con009_Grass","Festuca sp","AM","grass"
"Control","Con009",9,"Plateau","_","Grass","Con009_Grass","Festuca sp","AM","grass"
"Control","Con009",9,"Plateau","_","SmallShrub","Con009_SmallShrub","Empetrum rubrum","ERM","evergreen shrub"
"Control","Con009",9,"Plateau","_","YellowFlower","Con009_YellowFlower","Senecio agyreus","AM","flowering plant"
"Control","Con010",10,"Plateau","_","Arugula","Con010_Arugula","Hypochaeris sp","AM_facAM","flowering plant "
"Control","Con010",10,"Plateau","_","Grass","Con010_Grass","Festuca sp","AM","grass"
"Control","Con010",10,"Plateau","_","GreenShrub","Con010_GreenShrub","Gaultheria pumila","ERM","evergreen shrub"
"Control","Con010",10,"Plateau","_","RedAloe","Con010_RedAloe","Poa sp","AM","grass"
"Control","Con010",10,"Plateau","_","Rosette","Con010_Rosette","Viola sp","AM","flowering plant"
"Control","Con010",10,"Plateau","_","SmallShrub","Con010_SmallShrub","Empetrum rubrum","ERM","evergreen shrub"
"Control","Con011",11,"Plateau","_","Arugula","Con011_Arugula","Hypochaeris sp","AM_facAM","flowering plant "
"Control","Con011",11,"Plateau","_","Grass","Con011_Grass","Festuca sp","AM","grass"
"Control","Con011",11,"Plateau","_","RedAloe","Con011_RedAloe","Poa sp","AM","grass"
"Control","Con011",11,"Plateau","_","SmallShrub","Con011_SmallShrub","Empetrum rubrum","ERM","evergreen shrub"
"Control","Con011",11,"Plateau","_","TallRed","Con011_TallRed","Euphrasia meiantha","NM","flowering plant"
"Control","Con011",11,"Plateau","_","YellowFlower","Con011_YellowFlower","Senecio agyreus","AM","flowering plant"
"Control","Con012",12,"Plateau","_","Grass","Con012_Grass","Festuca sp","AM","grass"
"Control","Con012",12,"Plateau","_","GreenShrub","Con012_GreenShrub","Gaultheria pumila","ERM","evergreen shrub"
"Control","Con012",12,"Plateau","_","SmallShrub","Con012_SmallShrub","Empetrum rubrum","ERM","evergreen shrub"
"Control","Con012",12,"Plateau","_","SpikeyGreen","Con012_SpikeyGreen","Perezia piliffera /fonkii?","AM","flowering plant "
"Control","Con013",13,"Plateau","_","Arugula","Con013_Arugula","Hypochaeris sp","AM_facAM","flowering plant "
"Control","Con013",13,"Plateau","_","Grass","Con013_Grass","Festuca sp","AM","grass"
"Control","Con013",13,"Plateau","_","GreenShrub","Con013_GreenShrub","Gaultheria pumila","ERM","evergreen shrub"
"Control","Con013",13,"Plateau","_","OtherGreenShrub","Con013_OtherGreenShrub","Baccharis magellanica","AM"," shrub"
"Control","Con013",13,"Plateau","_","RedAloe","Con013_RedAloe","Poa sp","AM","grass"
"Control","Con013",13,"Plateau","_","SmallShrub","Con013_SmallShrub","Empetrum rubrum","ERM","evergreen shrub"
"Control","Con013",13,"Plateau","_","SpikeyGreen","Con013_SpikeyGreen","Perezia piliffera /fonkii?","AM","flowering plant "
"Control","Con013",13,"Plateau","_","SpikeyRose","Con013_SpikeyRose","Nassauvia revoluta","AM","flowering plant "
"Control","Con013",13,"Plateau","_","TallRed","Con013_TallRed","Euphrasia meiantha","NM","flowering plant"
"Control","Con014",14,"Plateau","_","Grass","Con014_Grass","Festuca sp","AM","grass"
"Control","Con014",14,"Plateau","_","GreenShrub","Con014_GreenShrub","Gaultheria pumila","ERM","evergreen shrub"
"Control","Con014",14,"Plateau","_","OtherGreenShrub","Con014_OtherGreenShrub","Baccharis magellanica","AM"," shrub"
"Control","Con014",14,"Plateau","_","OtherGreenShrub","Con014_OtherGreenShrub","Baccharis magellanica","AM"," shrub"
"Control","Con014",14,"Plateau","_","Rosette","Con014_Rosette","Viola sp","AM","flowering plant"
"Control","Con014",14,"Plateau","_","YellowFlower","Con014_YellowFlower","Senecio agyreus","AM","flowering plant"
"Control","Con015",15,"Plateau","_","Dandelion","Con015_Dandelion","Hypochaeris sp","AM_facAM","flowering plant "
"Control","Con015",15,"Plateau","_","Grass","Con015_Grass","Festuca sp","AM","grass"
"Control","Con015",15,"Plateau","_","LeafyCushion","Con015_LeafyCushion","Azorella sp","AM","flowering plant"
"Control","Con015",15,"Plateau","_","OtherGreenShrub","Con015_OtherGreenShrub","Baccharis magellanica","AM"," shrub"
"Control","Con015",15,"Plateau","_","RedAloe","Con015_RedAloe","Poa sp","AM","grass"
"Control","Con015",15,"Plateau","_","Rosette","Con015_Rosette","Viola sp","AM","flowering plant"
"Control","Con015",15,"Plateau","_","SpikeyGreen","Con015_SpikeyGreen","Perezia piliffera /fonkii?","AM","flowering plant "
"Control","Con015",15,"Plateau","_","SpikeyRose","Con015_SpikeyRose","Nassauvia revoluta","AM","flowering plant "
"Control","ConXX",NA,"Plateau","_","LeafyCushion","ConXX_LeafyCushion","Azorella sp","AM","flowering plant"
"Control","ConXX",NA,"Plateau","_","SpikeyGreen","ConXX_SpikeyGreen","Perezia piliffera /fonkii?","AM","flowering plant "
"Pine","Pine001",1,"Plateau","_","Clover","Pine001_Clover","Oxalis adenophylla","AM","flowering plant"
"Pine","Pine001",1,"Plateau","_","Grass","Pine001_Grass","Festuca sp","AM","grass"
"Pine","Pine001",1,"Plateau","_","GreenShrub","Pine001_GreenShrub","Gaultheria pumila","ERM","evergreen shrub"
"Pine","Pine001",1,"Plateau","_","LeafyCushion","Pine001_LeafyCushion","Azorella sp","AM","flowering plant"
"Pine","Pine001",1,"Plateau","_","Rosette","Pine001_Rosette","Viola sp","AM","flowering plant"
"Pine","Pine001",1,"Plateau","_","SpikeyGreen","Pine001_SpikeyGreen","Perezia piliffera /fonkii?","AM","flowering plant "
"Pine","Pine002",2,"Plateau","_","Arugula","Pine002_Arugula","Hypochaeris sp","AM_facAM","flowering plant "
"Pine","Pine002",2,"Plateau","_","Clover","Pine002_Clover","Oxalis adenophylla","AM","flowering plant"
"Pine","Pine002",2,"Plateau","_","Dandelion","Pine002_Dandelion","Hypochaeris sp","AM_facAM","flowering plant "
"Pine","Pine002",2,"Plateau","_","Grass","Pine002_Grass","Festuca sp","AM","grass"
"Pine","Pine002",2,"Plateau","_","GreenShrub","Pine002_GreenShrub","Gaultheria pumila","ERM","evergreen shrub"
"Pine","Pine002",2,"Plateau","_","RedAloe","Pine002_RedAloe","Poa sp","AM","grass"
"Pine","Pine002",2,"Plateau","_","Rosette","Pine002_Rosette","Viola sp","AM","flowering plant"
"Pine","Pine002",2,"Plateau","_","YellowFlower","Pine002_YellowFlower","Senecio agyreus","AM","flowering plant"
"Pine","Pine003",3,"Plateau","_","Grass","Pine003_Grass","Festuca sp","AM","grass"
"Pine","Pine003",3,"Plateau","_","Grass","Pine003_Grass","Festuca sp","AM","grass"
"Pine","Pine003",3,"Plateau","_","GreenShrub","Pine003_GreenShrub","Gaultheria pumila","ERM","evergreen shrub"
"Pine","Pine004",4,"Plateau","_","Cushion","Pine004_Cushion","Bolax gummifera","AM","flowering plant"
"Pine","Pine004",4,"Plateau","_","Grass","Pine004_Grass","Festuca sp","AM","grass"
"Pine","Pine004",4,"Plateau","_","GreenShrub","Pine004_GreenShrub","Gaultheria pumila","ERM","evergreen shrub"
"Pine","Pine004",4,"Plateau","_","RedAloe","Pine004_RedAloe","Poa sp","AM","grass"
"Pine","Pine005",5,"Plateau","_","Grass","Pine005_Grass","Festuca sp","AM","grass"
"Pine","Pine005",5,"Plateau","_","Grass","Pine005_Grass","Festuca sp","AM","grass"
"Pine","Pine005",5,"Plateau","_","GreenShrub","Pine005_GreenShrub","Gaultheria pumila","ERM","evergreen shrub"
"Pine","Pine005",5,"Plateau","_","GreenShrub","Pine005_GreenShrub","Gaultheria pumila","ERM","evergreen shrub"
"Pine","Pine005",5,"Plateau","_","RedAloe","Pine005_RedAloe","Poa sp","AM","grass"
"Pine","Pine005",5,"Plateau","_","Rosette","Pine005_Rosette","Viola sp","AM","flowering plant"
"Pine","Pine005",5,"Plateau","_","TallGreen","Pine005_TallGreen","","",""
"Pine","Pine006",6,"Plateau","_","Arugula","Pine006_Arugula","Hypochaeris sp","AM_facAM","flowering plant "
"Pine","Pine006",6,"Plateau","_","Clover","Pine006_Clover","Oxalis adenophylla","AM","flowering plant"
"Pine","Pine006",6,"Plateau","_","Grass","Pine006_Grass","Festuca sp","AM","grass"
"Pine","Pine006",6,"Plateau","_","GreenShrub","Pine006_GreenShrub","Gaultheria pumila","ERM","evergreen shrub"
"Pine","Pine006",6,"Plateau","_","GreenShrub","Pine006_GreenShrub","Gaultheria pumila","ERM","evergreen shrub"
"Pine","Pine006",6,"Plateau","_","RedAloe","Pine006_RedAloe","Poa sp","AM","grass"
"Pine","Pine006",6,"Plateau","_","Rosette","Pine006_Rosette","Viola sp","AM","flowering plant"
"Pine","Pine006",6,"Plateau","_","YellowFlower","Pine006_YellowFlower","Senecio agyreus","AM","flowering plant"
"Pine","Pine007",7,"Plateau","_","Arugula","Pine007_Arugula","Hypochaeris sp","AM_facAM","flowering plant "
"Pine","Pine007",7,"Plateau","_","FatGreen","Pine007_FatGreen","Perezia bellidifolia","AM","flowering plant"
"Pine","Pine007",7,"Plateau","_","Grass","Pine007_Grass","Festuca sp","AM","grass"
"Pine","Pine007",7,"Plateau","_","GreenShrub","Pine007_GreenShrub","Gaultheria pumila","ERM","evergreen shrub"
"Pine","Pine007",7,"Plateau","_","GreenShrub","Pine007_GreenShrub","Gaultheria pumila","ERM","evergreen shrub"
"Pine","Pine007",7,"Plateau","_","RedAloe","Pine007_RedAloe","Poa sp","AM","grass"
"Pine","Pine007",7,"Plateau","_","Rosette","Pine007_Rosette","Viola sp","AM","flowering plant"
"Pine","Pine007",7,"Plateau","_","TallRed","Pine007_TallRed","Euphrasia meiantha","NM","flowering plant"
"Pine","Pine007",7,"Plateau","_","YellowFlower","Pine007_YellowFlower","Senecio agyreus","AM","flowering plant"
"Pine","Pine008",8,"Plateau","_","FatGreen","Pine008_FatGreen","Perezia bellidifolia","AM","flowering plant"
"Pine","Pine008",8,"Plateau","_","FuzzyLeaf","Pine008_FuzzyLeaf","Erigeron sp","AM","flowering plant"
"Pine","Pine008",8,"Plateau","_","Grass","Pine008_Grass","Festuca sp","AM","grass"
"Pine","Pine008",8,"Plateau","_","GreenShrub","Pine008_GreenShrub","Gaultheria pumila","ERM","evergreen shrub"
"Pine","Pine008",8,"Plateau","_","RedAloe","Pine008_RedAloe","Poa sp","AM","grass"
"Pine","Pine008",8,"Plateau","_","Rosette","Pine008_Rosette","Viola sp","AM","flowering plant"
"Pine","Pine008",8,"Plateau","_","SmallShrub","Pine008_SmallShrub","Empetrum rubrum","ERM","evergreen shrub"
"Pine","Pine008",8,"Plateau","_","SpikeyGreen","Pine008_SpikeyGreen","Perezia piliffera /fonkii?","AM","flowering plant "
"Pine","Pine008",8,"Plateau","_","YellowFlower","Pine008_YellowFlower","Senecio agyreus","AM","flowering plant"
"Pine","Pine009",9,"Plateau","_","FuzzyLeaf","Pine009_FuzzyLeaf","Erigeron sp","AM","flowering plant"
"Pine","Pine009",9,"Plateau","_","Grass","Pine009_Grass","Festuca sp","AM","grass"
"Pine","Pine009",9,"Plateau","_","GreenShrub","Pine009_GreenShrub","Gaultheria pumila","ERM","evergreen shrub"
"Pine","Pine009",9,"Plateau","_","RedAloe","Pine009_RedAloe","Poa sp","AM","grass"
"Pine","Pine009",9,"Plateau","_","SmallShrub","Pine009_SmallShrub","Empetrum rubrum","ERM","evergreen shrub"
"Pine","Pine009",9,"Plateau","_","SpikeyGreen","Pine009_SpikeyGreen","Perezia piliffera /fonkii?","AM","flowering plant "
"Pine","Pine010",10,"Plateau","_","Grass","Pine010_Grass","Festuca sp","AM","grass"
"Pine","Pine010",10,"Plateau","_","GreenShrub","Pine010_GreenShrub","Gaultheria pumila","ERM","evergreen shrub"
"Pine","Pine010",10,"Plateau","_","RedAloe","Pine010_RedAloe","Poa sp","AM","grass"
"Pine","Pine010",10,"Plateau","_","SmallShrub","Pine010_SmallShrub","Empetrum rubrum","ERM","evergreen shrub"
"Pine","Pine010",10,"Plateau","_","TallRed","Pine010_TallRed","Euphrasia meiantha","NM","flowering plant"
"Pine","Pine011",11,"Plateau","_","Grass","Pine011_Grass","Festuca sp","AM","grass"
"Pine","Pine011",11,"Plateau","_","GreenShrub","Pine011_GreenShrub","Gaultheria pumila","ERM","evergreen shrub"
"Pine","Pine011",11,"Plateau","_","LeafyCushion","Pine011_LeafyCushion","Azorella sp","AM","flowering plant"
"Pine","Pine011",11,"Plateau","_","Mistery","Pine011_Mistery","Belloa chilensis","AM","flowering plant"
"Pine","Pine011",11,"Plateau","_","RedAloe","Pine011_RedAloe","Poa sp","AM","grass"
"Pine","Pine011",11,"Plateau","_","Rosette","Pine011_Rosette","Viola sp","AM","flowering plant"
"Pine","Pine012",12,"Plateau","_","Cilantro","Pine012_Cilantro","Sanicula graveolens","AM","flowering plant"
"Pine","Pine012",12,"Plateau","_","FatGreen","Pine012_FatGreen","Perezia bellidifolia","AM","flowering plant"
"Pine","Pine012",12,"Plateau","_","Grass","Pine012_Grass","Festuca sp","AM","grass"
"Pine","Pine012",12,"Plateau","_","GreenShrub","Pine012_GreenShrub","Gaultheria pumila","ERM","evergreen shrub"
"Pine","Pine012",12,"Plateau","_","SmallShrub","Pine012_SmallShrub","Empetrum rubrum","ERM","evergreen shrub"
"Pine","Pine012",12,"Plateau","_","SpikeyGreen","Pine012_SpikeyGreen","Perezia piliffera /fonkii?","AM","flowering plant "
"Pine","Pine012",12,"Plateau","_","TallSpike","Pine012_TallSpike","","",""
"Pine","Pine012",12,"Plateau","_","YellowFlower","Pine012_YellowFlower","Senecio agyreus","AM","flowering plant"
"Pine","Pine013",13,"Plateau","_","Dandelion","Pine013_Dandelion","Hypochaeris sp","AM_facAM","flowering plant "
"Pine","Pine013",13,"Plateau","_","FuzzyLeaf","Pine013_FuzzyLeaf","Erigeron sp","AM","flowering plant"
"Pine","Pine013",13,"Plateau","_","Grass","Pine013_Grass","Festuca sp","AM","grass"
"Pine","Pine013",13,"Plateau","_","GreenShrub","Pine013_GreenShrub","Gaultheria pumila","ERM","evergreen shrub"
"Pine","Pine013",13,"Plateau","_","GreenShrub","Pine013_GreenShrub","Gaultheria pumila","ERM","evergreen shrub"
"Pine","Pine013",13,"Plateau","_","OtherGreenShrub","Pine013_OtherGreenShrub","Baccharis magellanica","AM"," shrub"
"Pine","Pine014",14,"Plateau","_","Arugula","Pine014_Arugula","Hypochaeris sp","AM_facAM","flowering plant "
"Pine","Pine014",14,"Plateau","_","Dandelion","Pine014_Dandelion","Hypochaeris sp","AM_facAM","flowering plant "
"Pine","Pine014",14,"Plateau","_","Grass","Pine014_Grass","Festuca sp","AM","grass"
"Pine","Pine014",14,"Plateau","_","GreenShrub","Pine014_GreenShrub","Gaultheria pumila","ERM","evergreen shrub"
"Pine","Pine014",14,"Plateau","_","LeafyCushion","Pine014_LeafyCushion","Azorella sp","AM","flowering plant"
"Pine","Pine014",14,"Plateau","_","OtherGreenShrub","Pine014_OtherGreenShrub","Baccharis magellanica","AM"," shrub"
"Pine","Pine014",14,"Plateau","_","RedAloe","Pine014_RedAloe","Poa sp","AM","grass"
"Pine","Pine014",14,"Plateau","_","Rosette","Pine014_Rosette","Viola sp","AM","flowering plant"
"Pine","Pine014",14,"Plateau","_","SpikeyRose","Pine014_SpikeyRose","Nassauvia revoluta","AM","flowering plant "
"Pine","Pine015",15,"Plateau","_","Dandelion","Pine015_Dandelion","Hypochaeris sp","AM_facAM","flowering plant "
"Pine","Pine015",15,"Plateau","_","FatTall","Pine015_FatTall","","",""
"Pine","Pine015",15,"Plateau","_","Grass","Pine015_Grass","Festuca sp","AM","grass"
"Pine","Pine015",15,"Plateau","_","TallRed","Pine015_TallRed","Euphrasia meiantha","NM","flowering plant"
"Pine","Pine015",15,"Plateau","_","YellowFlower","Pine015_YellowFlower","Senecio agyreus","AM","flowering plant"
"Sapling","Sap001",1,"Plateau","_","Clover","Sap001_Clover","Oxalis adenophylla","AM","flowering plant "
"Sapling","Sap001",1,"Plateau","_","Grass","Sap001_Grass","Festuca sp","AM","grass"
"Sapling","Sap001",1,"Plateau","_","LeafyCushion","Sap001_LeafyCushion","Azorella sp","AM","flowering plant"
"Sapling","Sap001",1,"Plateau","_","NewGreen","Sap001_NewGreen","","",""
"Sapling","Sap001",1,"Plateau","_","Rosette","Sap001_Rosette","Viola sp","AM","flowering plant"
"Sapling","Sap001",1,"Plateau","_","SpikeyCushion","Sap001_SpikeyCushion","Mulinum echinus","AM","dense spiny shrub"
"Sapling","Sap001",1,"Plateau","_","SpikeyGreen","Sap001_SpikeyGreen","Perezia piliffera /fonkii?","AM","flowering plant "
"Sapling","Sap002",2,"Plateau","_","Arugula","Sap002_Arugula","Hypochaeris sp","AM_facAM","flowering plant "
"Sapling","Sap002",2,"Plateau","_","Arugula","Sap002_Arugula","Hypochaeris sp","AM_facAM","flowering plant "
"Sapling","Sap002",2,"Plateau","_","Arugula","Sap002_Arugula","Hypochaeris sp","AM_facAM","flowering plant "
"Sapling","Sap002",2,"Plateau","_","Arugula","Sap002_Arugula","Hypochaeris sp","AM_facAM","flowering plant "
"Sapling","Sap002",2,"Plateau","_","Arugula","Sap002_Arugula","Hypochaeris sp","AM_facAM","flowering plant "
"Sapling","Sap002",2,"Plateau","_","Clover","Sap002_Clover","Oxalis adenophylla","AM","flowering plant"
"Sapling","Sap002",2,"Plateau","_","Dandelion","Sap002_Dandelion","Hypochaeris sp","AM_facAM","flowering plant "
"Sapling","Sap002",2,"Plateau","_","Dandelion","Sap002_Dandelion","Hypochaeris sp","AM_facAM","flowering plant "
"Sapling","Sap002",2,"Plateau","_","Dandelion","Sap002_Dandelion","Hypochaeris sp","AM_facAM","flowering plant "
"Sapling","Sap002",2,"Plateau","_","Dandelion","Sap002_Dandelion","Hypochaeris sp","AM_facAM","flowering plant "
"Sapling","Sap002",2,"Plateau","_","Dandelion","Sap002_Dandelion","Hypochaeris sp","AM_facAM","flowering plant "
"Sapling","Sap002",2,"Plateau","_","Grass","Sap002_Grass","Festuca sp","AM","grass"
"Sapling","Sap002",2,"Plateau","_","GreenShrub","Sap002_GreenShrub","Gaultheria pumila","ERM","evergreen shrub"
"Sapling","Sap002",2,"Plateau","_","LeafyCushion","Sap002_LeafyCushion","Azorella sp","AM","flowering plant"
"Sapling","Sap002",2,"Plateau","_","RedAloe","Sap002_RedAloe","Poa sp","AM","grass"
"Sapling","Sap002",2,"Plateau","_","Rosette","Sap002_Rosette","Viola sp","AM","flowering plant"
"Sapling","Sap002",2,"Plateau","_","Rosette","Sap002_Rosette","Viola sp","AM","flowering plant"
"Sapling","Sap002",2,"Plateau","_","SpikeyCushion","Sap002_SpikeyCushion","Mulinum echinus","AM","dense spiny shrub"
"Sapling","Sap002",2,"Plateau","_","YellowFlower","Sap002_YellowFlower","Senecio agyreus","AM","flowering plant"
"Sapling","Sap003",3,"Plateau","_","Clover","Sap003_Clover","Oxalis adenophylla","AM","flowering plant"
"Sapling","Sap003",3,"Plateau","_","Dandelion","Sap003_Dandelion","Hypochaeris sp","AM_facAM","flowering plant "
"Sapling","Sap003",3,"Plateau","_","Grass","Sap003_Grass","Festuca sp","AM","grass"
"Sapling","Sap003",3,"Plateau","_","GreenShrub","Sap003_GreenShrub","Gaultheria pumila","ERM","evergreen shrub"
"Sapling","Sap003",20,"Plateau","_","LeafyCushion","Sap003_LeafyCushion","Azorella sp","AM","flowering plant "
"Sapling","Sap003",3,"Plateau","_","Rosette","Sap003_Rosette","Viola sp","AM","flowering plant"
"Sapling","Sap004",4,"Plateau","_","Cushion","Sap004_Cushion","Bolax gummifera","AM","flowering plant"
"Sapling","Sap004",4,"Plateau","_","Grass","Sap004_Grass","Festuca sp","AM","grass"
"Sapling","Sap004",4,"Plateau","_","GreenShrub","Sap004_GreenShrub","Gaultheria pumila","ERM","evergreen shrub"
"Sapling","Sap004",4,"Plateau","_","GreenShrub","Sap004_GreenShrub","Gaultheria pumila","ERM","evergreen shrub"
"Sapling","Sap004",4,"Plateau","_","GreenShrub","Sap004_GreenShrub","Gaultheria pumila","ERM","evergreen shrub"
"Sapling","Sap004",4,"Plateau","_","RedAloe","Sap004_RedAloe","Poa sp","AM","grass"
"Sapling","Sap005",5,"Plateau","_","Arugula","Sap005_Arugula","Hypochaeris sp","AM_facAM","flowering plant "
"Sapling","Sap005",5,"Plateau","_","Clover","Sap005_Clover","Oxalis adenophylla","AM","flowering plant"
"Sapling","Sap005",5,"Plateau","_","extraSpikey","Sap005_extraSpikey","","",""
"Sapling","Sap005",5,"Plateau","_","FuzzyLeaf","Sap005_FuzzyLeaf","Erigeron sp","AM","flowering plant"
"Sapling","Sap005",5,"Plateau","_","Grass","Sap005_Grass","Festuca sp","AM","grass"
"Sapling","Sap005",5,"Plateau","_","GreenShrub","Sap005_GreenShrub","Gaultheria pumila","ERM","evergreen shrub"
"Sapling","Sap005",5,"Plateau","_","GreenShrub","Sap005_GreenShrub","Gaultheria pumila","ERM","evergreen shrub"
"Sapling","Sap005",5,"Plateau","_","RedAloe","Sap005_RedAloe","Poa sp","AM","grass"
"Sapling","Sap005",5,"Plateau","_","Rosette","Sap005_Rosette","Viola sp","AM","flowering plant"
"Sapling","Sap005",5,"Plateau","_","TallRed","Sap005_TallRed","Euphrasia meiantha","NM","flowering plant"
"Sapling","Sap006",6,"Plateau","_","Arugula","Sap006_Arugula","Hypochaeris sp","AM_facAM","flowering plant "
"Sapling","Sap006",6,"Plateau","_","Clover","Sap006_Clover","Oxalis adenophylla","AM","flowering plant"
"Sapling","Sap006",6,"Plateau","_","FuzzyLeaf","Sap006_FuzzyLeaf","Erigeron sp","AM","flowering plant"
"Sapling","Sap006",6,"Plateau","_","Grass","Sap006_Grass","Festuca sp","AM","grass"
"Sapling","Sap006",6,"Plateau","_","GreenShrub","Sap006_GreenShrub","Gaultheria pumila","ERM","evergreen shrub"
"Sapling","Sap006",6,"Plateau","_","RedAloe","Sap006_RedAloe","Poa sp","AM","grass"
"Sapling","Sap006",6,"Plateau","_","RedLettuce","Sap006_RedLettuce","","",""
"Sapling","Sap006",6,"Plateau","_","Rosette","Sap006_Rosette","Viola sp","AM","grass"
"Sapling","Sap006",6,"Plateau","_","SpikeyRose","Sap006_SpikeyRose","Nassauvia revoluta","AM","flowering plant "
"Sapling","Sap006",6,"Plateau","_","YellowFlower","Sap006_YellowFlower","Senecio agyreus","AM","flowering plant"
"Sapling","Sap007",7,"Plateau","_","Arugula","Sap007_Arugula","Hypochaeris sp","AM_facAM","flowering plant "
"Sapling","Sap007",7,"Plateau","_","Cilantro","Sap007_Cilantro","Sanicula graveolens","AM","flowering plant"
"Sapling","Sap007",7,"Plateau","_","Dandelion","Sap007_Dandelion","Hypochaeris sp","AM_facAM","flowering plant "
"Sapling","Sap007",7,"Plateau","_","FatGreen","Sap007_FatGreen","Perezia bellidifolia","AM","flowering plant"
"Sapling","Sap007",7,"Plateau","_","FuzzyLeaf","Sap007_FuzzyLeaf","Erigeron sp","AM","flowering plant"
"Sapling","Sap007",7,"Plateau","_","Grass","Sap007_Grass","Festuca sp","AM","grass"
"Sapling","Sap007",7,"Plateau","_","GreenShrub","Sap007_GreenShrub","Gaultheria pumila","ERM","evergreen shrub"
"Sapling","Sap007",7,"Plateau","_","RedAloe","Sap007_RedAloe","Poa sp","AM","grass"
"Sapling","Sap007",7,"Plateau","_","Rosette","Sap007_Rosette","Viola sp","AM","flowering plant"
"Sapling","Sap007",7,"Plateau","_","TallRed","Sap007_TallRed","Euphrasia meiantha","NM","flowering plant"
"Sapling","Sap007",7,"Plateau","_","YellowFlower","Sap007_YellowFlower","Senecio agyreus","AM","flowering plant"
"Sapling","Sap008",8,"Plateau","_","Grass","Sap008_Grass","Festuca sp","AM","grass"
"Sapling","Sap008",8,"Plateau","_","GreenShrub","Sap008_GreenShrub","Gaultheria pumila","ERM","evergreen shrub"
"Sapling","Sap008",8,"Plateau","_","Rosette","Sap008_Rosette","Viola sp","AM","flowering plant"
"Sapling","Sap008",8,"Plateau","_","SmallShrub","Sap008_SmallShrub","Empetrum rubrum","ERM","evergreen shrub"
"Sapling","Sap008",8,"Plateau","_","SpikeyGreen","Sap008_SpikeyGreen","Perezia piliffera /fonkii?","AM","flowering plant "
"Sapling","Sap009",9,"Plateau","_","Grass","Sap009_Grass","Festuca sp","AM","grass"
"Sapling","Sap009",9,"Plateau","_","GreenShrub","Sap009_GreenShrub","Gaultheria pumila","ERM","evergreen shrub"
"Sapling","Sap009",9,"Plateau","_","RedAloe","Sap009_RedAloe","Poa sp","AM","grass"
"Sapling","Sap009",9,"Plateau","_","RedLettuce","Sap009_RedLettuce","","",""
"Sapling","Sap009",9,"Plateau","_","Rosette","Sap009_Rosette","Viola sp","AM","flowering plant"
"Sapling","Sap010",10,"Plateau","_","Arugula","Sap010_Arugula","Hypochaeris sp","AM_facAM","flowering plant "
"Sapling","Sap010",10,"Plateau","_","GreenShrub","Sap010_GreenShrub","Gaultheria pumila","ERM","evergreen shrub"
"Sapling","Sap010",10,"Plateau","_","Rosette","Sap010_Rosette","Viola sp","AM","grass"
"Sapling","Sap010",10,"Plateau","_","SmallShrub","Sap010_SmallShrub","Empetrum rubrum","ERM","evergreen shrub"
"Sapling","Sap010",10,"Plateau","_","SpikeyGreen","Sap010_SpikeyGreen","Perezia piliffera /fonkii?","AM","flowering plant"
"Sapling","Sap010",10,"Plateau","_","YellowFlower","Sap010_YellowFlower","Senecio agyreus","AM","flowering plant"
"Sapling","Sap011",11,"Plateau","_","Cilantro","Sap011_Cilantro","Sanicula graveolens","AM","flowering plant"
"Sapling","Sap011",11,"Plateau","_","Grass","Sap011_Grass","Festuca sp","AM","grass"
"Sapling","Sap011",11,"Plateau","_","GreenShrub","Sap011_GreenShrub","Gaultheria pumila","ERM","evergreen shrub"
"Sapling","Sap011",11,"Plateau","_","RedAloe","Sap011_RedAloe","Poa sp","AM","grass"
"Sapling","Sap011",11,"Plateau","_","SmallShrub","Sap011_SmallShrub","Empetrum rubrum","ERM","evergreen shrub"
"Sapling","Sap011",11,"Plateau","_","SpikeyGreen","Sap011_SpikeyGreen","Perezia piliffera /fonkii?","AM","flowering plant "
"Sapling","Sap011",11,"Plateau","_","TallRed","Sap011_TallRed","Euphrasia meiantha","NM","flowering plant"
"Sapling","Sap011",11,"Plateau","_","YellowFlower","Sap011_YellowFlower","Senecio agyreus","AM","flowering plant"
"Sapling","Sap012",12,"Plateau","_","Arugula","Sap012_Arugula","Hypochaeris sp","AM_facAM","flowering plant "
"Sapling","Sap012",12,"Plateau","_","Curly","Sap012_Curly","Tristagma nivale","AM","flowering plant "
"Sapling","Sap012",12,"Plateau","_","Dandelion","Sap012_Dandelion","Hypochaeris sp","AM_facAM","flowering plant "
"Sapling","Sap012",12,"Plateau","_","GreenShrub","Sap012_GreenShrub","Gaultheria pumila","ERM","evergreen shrub"
"Sapling","Sap012",12,"Plateau","_","RedAloe","Sap012_RedAloe","Poa sp","AM","grass"
"Sapling","Sap012",12,"Plateau","_","Rosette","Sap012_Rosette","Viola sp","AM","flowering plant "
"Sapling","Sap012",12,"Plateau","_","SpikeyCushion","Sap012_SpikeyCushion","Mulinum echinus","AM","dense spiny shrub"
"Sapling","Sap012",12,"Plateau","_","SpikeyGreen","Sap012_SpikeyGreen","Perezia piliffera /fonkii?","AM","flowering plant "
"Sapling","Sap012",12,"Plateau","_","SpikeyRose","Sap012_SpikeyRose","Nassauvia revoluta","AM","flowering plant "
"Sapling","Sap013",13,"Plateau","_","Arugula","Sap013_Arugula","Hypochaeris sp","AM_facAM","flowering plant "
"Sapling","Sap013",13,"Plateau","_","Dandelion","Sap013_Dandelion","Hypochaeris sp","AM_facAM","flowering plant "
"Sapling","Sap013",13,"Plateau","_","Grass","Sap013_Grass","Festuca sp","AM","grass"
"Sapling","Sap013",13,"Plateau","_","GreenShrub","Sap013_GreenShrub","Gaultheria pumila","ERM","evergreen shrub"
"Sapling","Sap013",13,"Plateau","_","RedAloe","Sap013_RedAloe","Poa sp","AM","grass"
"Sapling","Sap013",13,"Plateau","_","RedAloe","Sap013_RedAloe","Poa sp","AM","grass"
"Sapling","Sap013",13,"Plateau","_","YellowFlower","Sap013_YellowFlower","Senecio agyreus","AM","flowering plant"
"Sapling","Sap014",14,"Plateau","_","Arugula","Sap014_Arugula","Hypochaeris sp","AM_facAM","flowering plant "
"Sapling","Sap014",14,"Plateau","_","Dandelion","Sap014_Dandelion","Hypochaeris sp","AM_facAM","flowering plant "
"Sapling","Sap014",14,"Plateau","_","GreenShrub","Sap014_GreenShrub","Gaultheria pumila","ERM","evergreen shrub"
"Sapling","Sap014",14,"Plateau","_","Mistery2","Sap014_Mistery2","","",""
"Sapling","Sap014",14,"Plateau","_","NewGreen","Sap014_NewGreen","","",""
"Sapling","Sap014",14,"Plateau","_","SpikeyRose","Sap014_SpikeyRose","Nassauvia revoluta","AM","flowering plant "
"Sapling","Sap014",14,"Plateau","_","YellowFlower","Sap014_YellowFlower","Senecio agyreus","AM","flowering plant"
"Sapling","Sap015",15,"Plateau","_","Grass","Sap015_Grass","Festuca sp","AM","grass"
"Sapling","Sap015",15,"Plateau","_","GreenShrub","Sap015_GreenShrub","Gaultheria pumila","ERM","evergreen shrub"
"Sapling","Sap015",15,"Plateau","_","LeafyCushion","Sap015_LeafyCushion","Azorella sp","AM","flowering plant"
"Sapling","Sap015",15,"Plateau","_","Mistery2","Sap015_Mistery2","","",""
"Sapling","Sap015",15,"Plateau","_","NewGreen","Sap015_NewGreen","","",""
"Sapling","Sap015",15,"Plateau","_","OtherGreenShrub","Sap015_OtherGreenShrub","Baccharis magellanica","AM"," shrub"
"Sapling","Sap015",15,"Plateau","_","RedAloe","Sap015_RedAloe","Poa sp","AM","grass"
"Sapling","Sap015",15,"Plateau","_","Rosette","Sap015_Rosette","Viola sp","AM","flowering plant"
"Sapling","Sap015",15,"Plateau","_","SpikeyCushion","Sap015_SpikeyCushion","Mulinum echinus","AM","dense spiny shrub"
"Sapling","Sap015",15,"Plateau","_","SpikeyGreen","Sap015_SpikeyGreen","Perezia piliffera /fonkii?","AM","flowering plant "
"Sapling","Sap015",15,"Plateau","_","YellowFlower","Sap015_YellowFlower","Senecio agyreus","AM","flowering plant "
"Control","Con006",6,"Plateau","_","SpikeyRose","Con006_SpikeyRose","Nassauvia revoluta","AM","flowering plant "
"Pine","Pine011",11,"Plateau","_","Mystery","Pine011_Mystery","","",""
"Sapling","Sap001",1,"Plateau","_","NewGreen","Sap001_NewGreen","","",""
